pan_id,name,dob,address,tax_filing_income,asset_flag
NYgLi9375l,Aryan Maharaj,1971-09-09,"18/196, Balan Nagar, Bellary-890838",4313236,Property > 50L
gExoU6713z,Thomas Sen,1995-02-15,"654, Kale Street, Kota 615594",2887241,Mutual Funds > 5L
ujQGO2647z,Tripti Yadav,1963-07-09,"49/59, Boase Ganj, Ambattur-131647",4491354,Luxury Car
SbNBh4612C,Nicholas Prabhakar,1979-03-15,"19/283, Shere Street, Gopalpur-503056",3147883,Property > 50L
LkQVI3009r,Dominic Kakar,1993-08-15,"76/724, Koshy Street, Bhimavaram 965328",1734555,Property > 50L
mkTge5240w,Gavin Batta,1962-06-27,"69/166, Sidhu, Begusarai-184514",1119871,Mutual Funds > 5L
ugrnU3550X,Nakul Setty,1955-03-31,"14/89, Dua Ganj, Nanded 957015",3326745,Luxury Car
tpQdH2191C,Wriddhish Bhardwaj,1971-06-01,"71/822, Gandhi Chowk, Dehri 383465",3854666,Mutual Funds > 5L
qDMix7972S,Zansi Seth,1963-04-05,"H.No. 509, Karpe Circle, Chennai-031051",1120249,Luxury Car
GIpTq4221O,Arya Sunder,1969-08-08,"763, Chatterjee Zila, Raichur-670106",2389227,Property > 50L
lVatX5819I,Ikbal Kothari,1968-01-23,"624, Krish Chowk, Mango-080132",4620825,Mutual Funds > 5L
FOyKm7706n,Vedika Srivastava,1969-07-27,"606, Sha Road, Bhusawal-234309",3481621,Property > 50L
JBwgw3299N,Dipta Bhandari,1958-06-09,"H.No. 812, Bir Zila, Sambhal-939909",4236862,Mutual Funds > 5L
TIQsB0257r,Oni Virk,1976-07-21,"53/462, Shankar Road, Srinagar 799118",1146004,Property > 50L
YYwVH0858H,Yashawini Lanka,1964-01-15,"542, Mittal Chowk, Begusarai 124118",1520675,Luxury Car
SBTYE3825i,Anita Manda,1996-03-08,"487, Behl Road, Bhusawal-005242",1125170,Property > 50L
rzEiQ6208L,Prisha Andra,1962-08-21,"05/98, Sani Street, Kalyan-Dombivli 505331",3351299,Mutual Funds > 5L
XOuVx2543f,Niharika Dubey,1971-02-19,"02, Sabharwal Path, Shimoga-160733",2335483,Mutual Funds > 5L
kllwa9628W,Inaya Mody,1970-07-06,"36/541, Panchal Road, Jorhat-014294",3021593,Mutual Funds > 5L
UYQOz1825k,Ikbal Saraf,1978-07-20,"81/69, Kumar Ganj, Junagadh 883561",1160678,Luxury Car
AmLWq4728l,Dipta Dash,1975-06-18,"H.No. 64, Datta Circle, Bidar 299468",1318367,Mutual Funds > 5L
prfsK0122K,Daksha Mangat,1969-04-30,"77, Vaidya Ganj, Gulbarga-489513",3758222,Property > 50L
MSPAz2900k,Umang Issac,1965-01-19,"791, Sachdeva Chowk, Yamunanagar 632016",3567780,Property > 50L
zaqvd7026L,Patrick Vasa,1986-08-21,"H.No. 727, Nadig Circle, Pudukkottai 872774",1782894,Property > 50L
eEsPc5632b,Aradhana Verma,1988-01-01,"14, Magar Ganj, Imphal-223623",4414619,Mutual Funds > 5L
VWfKo3910p,Oeshi Reddy,1977-07-17,"H.No. 366, Bahri, Morena-546688",4535876,Mutual Funds > 5L
liktD5389f,Vinaya Kanda,1973-08-06,"H.No. 656, Sibal Street, Deoghar-699016",4817796,Mutual Funds > 5L
aScAb1936H,Triya Gopal,1958-06-12,"H.No. 37, Nazareth Path, Alwar 417080",3115557,Mutual Funds > 5L
uzrzh2770R,Udarsh Biswas,1999-05-18,"309, Khare Street, Bhalswa Jahangir Pur 937452",1910818,Luxury Car
izsnT6076H,Nihal Mukhopadhyay,1962-05-19,"66/31, Kibe, Barasat 905865",3476546,Mutual Funds > 5L
uoDlm5009r,Yashawini Om,1955-11-20,"H.No. 657, Saran Street, Nagaon-987769",3368664,Mutual Funds > 5L
QjoRh6176n,Ekantika Korpal,1960-12-03,"799, Nayar Marg, Shimla 273545",3561891,Luxury Car
PYNqs3610T,Anya Anne,1990-03-07,"678, Soni Ganj, Sultan Pur Majra-143634",3891505,Mutual Funds > 5L
mTgyw1642r,Urvashi Wali,1978-06-02,"H.No. 74, Krishnamurthy Road, Jamshedpur-518233",4372288,Luxury Car
lDEQy4137H,Aradhana Vohra,1995-08-21,"435, Mittal Street, Deoghar 400842",1769640,Luxury Car
BSnYq5760M,Harshil Arora,1994-02-02,"75, Behl Street, Morena 167190",2191688,Luxury Car
rBZeE4290u,Manthan Modi,1960-10-27,"69/99, Virk Ganj, Hospet-496499",2701301,Property > 50L
CbfFN5188N,Hardik Johal,1997-08-04,"12/328, Dugar Zila, Alappuzha-974034",2314135,Luxury Car
Slcks9324J,Sudiksha Bobal,1970-11-28,"18, Dixit Ganj, Ajmer 024994",2987738,Luxury Car
XreXF3744k,Jeet Sidhu,1975-09-20,"87/71, Baral, North Dumdum-013990",1441860,Luxury Car
XvYmG3456y,Banjeet Gill,1987-01-16,"967, Singhal Zila, Alappuzha-512567",2312528,Mutual Funds > 5L 
Wakws9479X,Nandini Bansal,1985-12-22,"H.No. 51, Varkey Marg, Hosur 603859",1001509,Luxury Car
WiAJK8536c,Riya Behl,1968-11-16,"H.No. 77, Balakrishnan Zila, Kozhikode 808613",3499187,Property > 50L
HBUTr4723e,Triya Dalal,1999-02-06,"48/467, Kohli Chowk, Suryapet-639821",4266950,Property > 50L
oGvOu0095E,Oeshi Oak,1989-07-29,"H.No. 49, Suri, Amroha 558867",2063371,Property > 50L
UrpuX4216L,Ranbir Khare,1993-12-08,"05, Raj Chowk, Saharanpur-028951",1924604,Luxury Car
XoEIe9009q,Harish Vora,1986-02-13,"21, Lanka Chowk, Sikar 586578",3917032,Luxury Car
POAVg6047s,Ekapad Keer,1997-12-22,"16/117, Mistry Street, Ranchi 045562",1967448,Property > 50L
qrnDd3788z,Nisha Gole,1966-08-04,"69/37, Dhar, Surendranagar Dudhrej-740748",3630146,Mutual Funds > 5L
PwAqA6187D,Ethan Sathe,1978-07-17,"47/436, Chhabra Chowk, Eluru 944064",4745760,Luxury Car
JZYex2636Q,Gagan Venkataraman,1980-05-23,"772, Choudhary, Hazaribagh 507860",798914,Standard
WBcvc4356o,Sachi Loke,1983-12-07,"H.No. 677, Bains Ganj, Chittoor-822266",1544951,Standard
NbXGC7941G,Falguni Kamdar,1989-03-18,"73, Sachdeva, Avadi 898760",1837404,Standard
KiihS5504D,Adweta Sami,1960-04-25,"H.No. 663, Bhat Street, Rewa-907399",1916882,Standard
RKIkF2891h,Omya Naidu,1968-11-29,"H.No. 708, Morar Marg, Tirunelveli-942039",697775,Standard
utROM8313S,Isaiah Mandal,1979-06-10,"H.No. 692, Oak Zila, Jhansi-549824",630172,Standard
QYpZd3884S,Faqid Shukla,1991-09-09,"80, Puri Marg, Korba 589016",811576,Standard
fvamC4928X,Ishwar Soni,1958-09-23,"40/703, Varghese Nagar, Kadapa-726282",1514888,Standard
PXstH9682u,Anirudh Shankar,1965-01-18,"74/116, Agate Circle, Guntakal 961276",1540973,Standard
cHibp6208N,Tanmayi Bhandari,1998-04-11,"444, Nanda Ganj, Udaipur-587012",1560538,Standard
kQxnA0424M,Gautam Dugal,1970-03-10,"028, Seth Road, Allahabad-967024",1870978,Standard
WStcw3652w,Pavani Kumer,1989-02-18,"H.No. 40, Ratta Ganj, Sasaram 159773",546907,Standard
Ajmio8546B,Lakshmi Rau,1986-07-28,"12/59, Sundaram Road, Bhavnagar-429862",1226830,Standard
iayAz2699e,Nikita Goel,1967-11-24,"99/29, Kota, Pondicherry 688777",1336575,Standard
athpq9256H,Chandran Virk,1972-02-20,"H.No. 39, Gupta Circle, Bhatpara-600014",873437,Standard
jNUVe4076Y,Utkarsh Bandi,1974-05-14,"H.No. 10, Varty Ganj, Pondicherry 872099",942456,Standard
tkVYQ8656S,Chaman Apte,1977-06-12,"23/53, Sundaram Nagar, Haldia-948962",648557,Standard
zIiaf9805E,Yatan Agate,1985-07-20,"H.No. 869, Srinivasan Path, Ramagundam-434741",1393420,Standard
QmEQN2531u,Gunbir Arya,1958-07-21,"32, Taneja Zila, Ghaziabad-619202",839681,Standard
UeLmH5999E,Shivansh Sharaf,1957-10-08,"24/447, Acharya Road, Kumbakonam-078623",1169093,Standard
AueXW5107M,Urishilla Bandi,1992-12-14,"32, Palan Circle, Agartala 634091",773161,Standard
wwIVf8580U,Ekani Seth,1972-10-03,"53/916, Swamy Nagar, Delhi 409304",947890,Standard
rbWpM5418Y,Pranav Bumb,1991-09-30,"66/20, Varkey Ganj, Tinsukia 407880",610991,Standard
MSvfy2652s,Samuel Jani,1971-02-18,"303, Sidhu, Firozabad 880670",668693,Standard
cMkcR8987T,George Zachariah,1997-11-03,"H.No. 132, Radhakrishnan Marg, Jalandhar 848580",963482,Standard
lQhhM5263P,Bachittar Merchant,1985-12-22,"H.No. 539, Amble Chowk, Morena-544708",1993914,Standard
WesyV2317e,Yagnesh Magar,1983-09-09,"26, Kothari Street, Gangtok-053026",1647706,Standard
ixFJC1840a,Lipika Varughese,1982-05-01,"H.No. 630, Randhawa Marg, Raebareli 502816",904982,Standard
LhanL4098c,Nitesh Bhargava,1971-03-04,"H.No. 20, Lala, Sangli-Miraj & Kupwad 759795",746683,Standard
zcdNT3192I,Caleb Deol,1986-07-25,"H.No. 54, Devan Road, Imphal 894453",1647662,Standard
bOJhT8118J,Ijaya Palla,1991-01-19,"H.No. 56, Dugar Marg, Kavali-217970",1586796,Standard
pZAgZ5660A,Dayita Sampath,1957-02-05,"H.No. 72, Ravi Marg, Mira-Bhayandar-515850",1484439,Standard
eCoRU1530O,Pallavi Taneja,1961-05-31,"H.No. 587, Bhatia, Bikaner 441339",669644,Standard
qdTyq5479U,Tanay Chatterjee,1976-10-16,"H.No. 71, Buch, Raebareli-693656",1992349,Standard
uTMFq1833O,Meghana Amble,1980-06-29,"377, Lanka Zila, Chennai-922095",1325746,Standard
mjSTM6733S,Simon Deol,1969-05-03,"H.No. 02, Deol Circle, Mathura-676992",1058868,Standard
pNTko4277U,Lohit Batra,1964-04-28,"H.No. 914, Bhattacharyya Nagar, Tadepalligudem-328442",654845,Standard
MLHjM3471a,Garima Nagi,1960-09-30,"52/607, Sarin Path, Panihati 100643",591374,Standard
OUXji3226F,Unni Sibal,1969-11-18,"80, Ratti Marg, Morena-703850",1986485,Standard
NukNG3605Y,Krishna Mani,1960-10-18,"40/274, Saraf Nagar, Ambarnath 676259",1237865,Standard
cpTzm0620Z,Netra Lala,1983-01-13,"74/59, Joshi Chowk, Nagaon 997984",847731,Standard
TGBcL9149V,Dipta Atwal,1974-03-22,"64, Datta Ganj, Korba-612128",1897421,Standard
vNsJv9811o,Amol Agrawal,1960-01-04,"22, Wali Ganj, Mehsana-225678",704261,Standard
HjinC7188H,Dalbir Narayan,1999-10-02,"80, Bose Marg, Rohtak 647998",1324311,Standard
GBRCN4605r,Reyansh Khurana,1955-04-12,"610, Bhargava Circle, Erode-662016",558820,Standard
RGArv5557F,Ekantika Narang,1979-06-02,"H.No. 247, Maharaj Marg, Chennai-687586",1545683,Standard
weAyw8240q,Hredhaan Dube,1966-12-10,"H.No. 18, Sodhi, Kolkata 338686",1935424,Standard
EcUeC0835b,Nilima Hari,1958-02-15,"386, Ghose Nagar, Thoothukudi 898309",1932327,Standard
QLaLX4134B,Vamakshi Sundaram,1994-03-18,"H.No. 52, Luthra Circle, Bhagalpur-694804",733759,Standard
wWXyW5073S,Chandani Upadhyay,1955-12-27,"39/405, Bath, Bhiwani 294420",669509,Standard
MWivH3158r,Upadhriti Halder,1976-04-08,"197, Sinha Chowk, Katihar-759514",1034131,Standard
RHUkm1864a,Ekaja Venkatesh,1982-01-01,"62/33, Sanghvi Street, Karimnagar 942767",1070295,Standard
CmSay4831z,Tanay Chadha,1980-04-22,"88, Menon Street, Eluru 594698",1261345,Standard
piDUj9062o,Jagat Seshadri,1997-07-14,"379, Banik Nagar, Satna 870847",945536,Standard
eOYCA7954F,Dipta Jain,1995-05-27,"37, Bhatti Circle, Ballia 579089",1530186,Standard
WTOyk4589z,Yashasvi Lall,1992-06-26,"802, Srinivas Nagar, Vijayawada-396121",1955686,Standard
JZIgj9051K,Guneet Vaidya,1964-02-17,"H.No. 669, Dani Nagar, Malda 372982",744762,Standard
orTGQ6893B,Suhani Batra,1971-07-15,"75, Vaidya Chowk, Kadapa 355707",1027262,Standard
ZQngu7312v,Brijesh Nadkarni,1984-12-18,"187, Kapadia, Parbhani 045883",714629,Standard
tEdPS1141g,Utkarsh Naidu,1958-05-17,"71/56, Borde Circle, Ballia-797802",1477967,Standard
BGsqA3445E,Aryan Kata,1983-10-30,"H.No. 163, Nagar Street, Bellary-831597",915691,Standard
TQjQC5729o,Yashodhara Ramaswamy,1993-02-06,"915, Pillay Circle, Ujjain-324165",1478717,Standard
IpLBZ1854y,Unnati Johal,1975-06-07,"46, Das Street, Chapra 841749",983816,Standard
avakk1617e,Nidhi Bora,1998-12-14,"447, Bhardwaj Marg, Kishanganj 774029",883240,Standard
QOpmX2864b,Panini Pall,1957-01-13,"H.No. 836, Sethi Marg, Amravati-666102",1836817,Standard
lZciY5634i,Thomas Luthra,1996-10-15,"768, Sama Ganj, Secunderabad 177915",956653,Standard
hrsbN2446k,Yatan Palla,1959-04-16,"56, Dey Road, Faridabad-863726",588193,Standard
YWwVP3199y,Ishani Dugar,1998-07-14,"76/414, Bath, Thrissur-025513",1421246,Standard
zEjlI4448I,Aadi Mital,1986-12-05,"H.No. 454, Chacko Marg, Ongole-932511",745355,Standard
HDLun4978e,Abhiram Mann,1955-12-23,"776, Chandran Marg, Faridabad 800187",1459553,Standard
Lfufe3143q,Rachita Srivastava,1991-06-04,"10/781, Shan Circle, Ranchi-856425",600792,Standard
PajBL7068Q,Yash Bora,1980-05-11,"30/600, Hayer Street, Udaipur 550522",1146880,Standard
YjbzA4114E,Harshil Murty,1960-02-26,"99/201, Samra Marg, Tiruppur 222400",1390950,Standard
lQldx5392y,Ayaan Chandran,2000-02-28,"H.No. 348, Kadakia Road, Ramgarh 332528",733270,Standard
pUMqv6132A,Gauri Date,1969-10-06,"64/49, Sangha Chowk, Malegaon 986634",1311477,Standard
pBWDO2095Q,Xavier Malhotra,2000-01-24,"73/56, Natt Zila, Yamunanagar 559147",715244,Standard
OGdNA6253A,Henry Lata,1987-03-12,"695, Mani Street, Gopalpur 653538",741384,Standard
JvVpj9629s,Lipika Tak,1995-05-03,"H.No. 571, Shankar Street, Thiruvananthapuram-543468",1818902,Standard
QKbAY5863g,Manan Minhas,1993-07-04,"98/16, Pandya Zila, Orai-168371",1978389,Standard
ZnEiy0307d,Ojas Agrawal,1961-07-08,"80, Dey Circle, Panipat 121463",572167,Standard
luPrj9476V,Lipika Minhas,1978-06-19,"917, Mital Street, Thrissur-948112",1265835,Standard
DfNAC6649R,Nisha Kapur,1969-11-21,"10/16, Gara Zila, Aurangabad 163994",1734265,Standard
oorrn9013E,Vasatika Jha,1973-08-24,"H.No. 984, Bhatia Zila, Raebareli 930148",1500811,Standard
sLPTL1160Q,Aryan Batta,1976-03-23,"886, Dani Marg, Tinsukia-199034",1904605,Standard
GVvtJ2134q,Darpan Kadakia,1976-10-01,"07, Char, Gudivada-386015",681976,Standard
hniYT7117g,Amol Deshmukh,1975-09-04,"881, Chanda Road, Mira-Bhayandar-452719",1095666,Standard
xFysB3678m,William Buch,1957-07-30,"16/19, Gara Road, Saharanpur-540131",1623825,Standard
AMQBQ5350l,Ekalinga Ray,1992-04-22,"H.No. 25, Taneja Street, Aurangabad 254717",1681744,Standard
rHHwB9899y,Yashawini Kant,1958-12-30,"H.No. 956, Pall Chowk, Dhule 584227",1786749,Standard
ziWPx1726z,Atharv Lad,1981-01-27,"H.No. 014, Choudhry Road, Kolkata 862408",728731,Standard
OAAIM7100d,Harish Sunder,1964-04-01,"62, Thaker Ganj, Bhilai-223282",1532810,Standard
saIrE2282u,Reyansh Parmar,1996-04-06,"H.No. 410, Loyal Circle, Mahbubnagar 351135",1260991,Standard
XCjkX0535P,Abhimanyu Sarkar,1974-09-16,"80, Shetty, Bhopal 801041",1133542,Standard
teNvW9453i,Adweta Mani,1986-12-23,"H.No. 28, Gill Nagar, Sasaram-063578",1388690,Standard
LXhQj0378g,Sai Krishna,1971-04-30,"H.No. 58, Padmanabhan Path, Serampore-084290",1307588,Standard
OdStw6969j,Alexander Purohit,1959-07-25,"H.No. 67, Kaur Ganj, Darbhanga 701652",1497496,Standard
AQJet7613L,Logan Parmar,1969-12-28,"769, Dyal, Sagar 477250",587895,Standard
Vjqln8423t,Azad Mahal,1960-06-20,"H.No. 15, Koshy Path, Ghaziabad-585574",783514,Standard
FKZya9062k,Nitesh Pillay,1985-10-17,"329, Manne Path, Bokaro 158286",1638558,Standard
iMBzl3040S,Saanvi Dugar,1961-10-10,"922, Mittal Nagar, Vellore-821539",1244043,Standard
nEazo2669i,Bachittar Kale,1963-04-08,"04/85, Goyal Nagar, Ranchi-190193",582296,Standard
oFMFf3359M,Aarnav Bhardwaj,1998-12-29,"95/616, Gour Street, Gandhinagar 718559",1737930,Standard
NZjoa4079s,Teerth Deshpande,1970-12-21,"77/814, Puri Path, Gandhidham 370194",566622,Standard
fQCFB5391A,Harini Bhardwaj,1978-06-23,"61/209, Chadha Street, Morena-619022",1376834,Standard
EOJRC3116b,Vanya Sane,1968-12-09,"237, Zacharia Zila, Bhimavaram 126848",1935548,Standard
ffsjM5637t,Anthony Baria,1956-12-28,"H.No. 39, Dixit Circle, Srinagar-246598",695541,Standard
iEWIT6693q,Vritti Jaggi,1988-11-03,"15/38, Barman Street, Navi Mumbai-065266",1688898,Standard
YoxeZ4267j,Qadim Mammen,1976-07-10,"756, Raju Path, Bulandshahr 878496",1994668,Standard
sTxhb2249t,Lakshit Murty,1955-06-03,"65/68, Choudhary Path, Meerut-276729",1062674,Standard
CLXnq3509R,Lakshit Bora,1963-12-09,"50, Din Street, Jalna 780457",1839869,Standard
hHsSP9725d,Arjun Jani,1970-09-09,"H.No. 78, Kibe Street, Raiganj-094516",1180642,Standard
zmAOo7670Q,Zinal Sandhu,1968-08-31,"H.No. 220, Vasa Nagar, Ambala 264833",1417750,Standard
ybYGk3679S,Wishi Chada,1969-02-06,"H.No. 49, Saran Road, Nagpur-649013",1780986,Standard
WfKnx2495d,Faras Chokshi,1977-08-08,"H.No. 758, Zachariah Nagar, Thrissur 441040",1950527,Standard
zyGve4315R,Ganga Halder,1990-07-30,"37/47, Pandey Path, Thiruvananthapuram 901685",1448572,Standard
FCJqc6471f,Mohammed Shere,1999-09-27,"88/37, Sarin Zila, Aligarh 866861",1080611,Standard
yCwLV1997T,Rushil Dutta,1983-03-09,"H.No. 505, Johal Circle, Jhansi 581956",1425590,Standard
xpxpp5728L,Barkha Dutta,1981-06-03,"H.No. 775, Bassi Circle, Bathinda-668793",1917190,Standard
YGvnk0302D,Varenya Rajagopalan,1984-04-14,"H.No. 15, Gala Nagar, Cuttack-461308",1768728,Standard
KEiUa7308O,Udarsh Ganesan,1987-12-12,"11, Master Circle, Imphal-786309",666642,Standard
jedjT0071r,Rishi Merchant,2000-12-19,"057, Singh Chowk, Tadipatri 199716",618741,Standard
XzzXD5965A,Banjeet Purohit,1990-09-07,"H.No. 40, Peri Nagar, Nanded-265379",1332274,Standard
LeWqp3221N,Tara Bail,1979-08-25,"36/015, Contractor Chowk, Ozhukarai 101626",1228236,Standard
izwJK0080T,Advika Sidhu,1977-11-27,"548, Jhaveri Circle, Pallavaram-921496",1095018,Standard
ypTGA7914O,Bhanumati Khatri,1965-08-16,"H.No. 726, Patla Marg, Kadapa 468549",1181571,Standard
acZcS2724V,Ansh Raman,2000-03-19,"H.No. 60, Chadha Path, Karaikudi 432716",1362082,Standard
uAPny3033M,Agastya Chakraborty,1958-12-26,"08/99, Bhatti Ganj, Saharsa 048028",1361511,Standard
vIMWl3541N,Victor Bawa,1972-11-20,"61, Sahni Ganj, Tirunelveli-812268",1469164,Standard
XDSqX1594D,Idika Kannan,1960-01-14,"H.No. 83, Anand Ganj, Mehsana 979842",1264172,Standard
VtiQB1891M,Urvi Reddy,1979-04-01,"76, Chaudhari Chowk, Nangloi Jat 288363",1521149,Standard
bfUPz6885X,Tripti Ratti,1966-09-21,"66, Varma Chowk, Jehanabad-761652",690325,Standard
MaDsL2898L,Eesha Wason,1962-04-01,"H.No. 97, Shroff Chowk, Raebareli-976408",1425695,Standard
bubeT3858s,Ridhi Chopra,1981-05-25,"93/91, Pandey Street, Etawah 887114",868050,Standard
PxXca8600T,Adweta Madan,1995-06-22,"75/70, Badal Ganj, Giridih-011250",688237,Standard
FrkKW1860b,Hemangini Dixit,1967-05-09,"693, Babu Zila, Gulbarga-073024",708894,Standard
qSZKC2662x,Upasna Mani,1956-09-19,"14/469, Reddy Path, Rohtak 687354",1159643,Standard
vUery4534P,Omya Pandya,1990-01-04,"34/83, Sanghvi Path, Erode-366485",1409477,Standard
ExHEa3207G,Yagnesh Dutt,1999-04-15,"44/369, Wason Path, Raurkela Industrial Township-450509",878667,Standard
DkUad2846D,Avni Gera,1996-02-04,"77/372, Murty, Hapur-380162",1532237,Standard
wcRiS5851S,Charita Oza,1956-08-07,"H.No. 35, Bhattacharyya Ganj, Madhyamgram-337953",1584161,Standard
pQwKb1112r,Nandini Parmar,1967-08-04,"866, Padmanabhan Street, Faridabad-738385",1414944,Standard
qOWBc5451Z,Vincent Naik,1961-05-28,"45/553, Balay Chowk, Bhavnagar 281673",733165,Standard
gifQu3746E,Pallavi Ganesan,1983-12-22,"608, Vora Road, Sasaram 620990",1120878,Standard
MBpbY6931p,Ethan Sarin,1988-08-24,"H.No. 05, Zacharia, Cuttack 731234",1381371,Standard
ctGwf3888Q,Max Bhandari,1964-11-28,"45, Dhillon Nagar, Patiala 342755",1907483,Standard
MNehT7672v,Arjun Mangal,1997-10-22,"H.No. 834, Sarin Ganj, Kamarhati 029771",1902996,Standard
jRLhR1506D,Madhavi Nori,1959-05-25,"816, Chacko Street, Ambala-392219",1494048,Standard
eYuCn8369R,Radhika Sule,1962-10-11,"987, Agarwal Chowk, Jalna 991530",1005857,Standard
aZlai4450X,Yagnesh Talwar,1992-10-15,"45/029, Thakur Path, Bidhannagar 030409",1621258,Standard
RwtOe3467I,Wriddhish Samra,1991-11-21,"H.No. 382, Gera Chowk, Nashik 133460",687303,Standard
jagpI1842Q,Janaki Keer,1966-11-08,"16/816, Sagar Ganj, Patiala 736907",1105425,Standard
BElcc8947b,Kai Buch,1972-07-06,"07, Saraf Zila, Agartala 089512",1914902,Standard
xfWhX3708L,Alka Modi,1979-08-24,"97, Rana Street, Sonipat 192767",609828,Standard
URZhS1377W,Lohit Sandal,1971-05-24,"H.No. 266, Kanda Chowk, Serampore 737138",1783624,Standard
kUinR8740P,Lajita Biswas,1975-07-28,"27, Jayaraman Marg, Mumbai 117614",976141,Standard
sGohM2152z,Sarthak Sagar,1972-11-06,"H.No. 65, Yohannan Marg, Guntakal-036883",1033927,Standard
oFRMP0048o,Utkarsh Brar,1978-06-20,"91/270, Narayan Marg, Parbhani-040629",1084914,Standard
kiGkr1187E,Zilmil Hans,1956-05-31,"96, Srinivasan Nagar, Sultan Pur Majra 974997",971873,Standard
kigFh9905h,Nimrat Nayak,1983-06-09,"98/10, Bose Marg, Rajpur Sonarpur 631631",1660053,Standard
wClVW2975A,Omya Mody,1996-06-14,"88, Chakrabarti Zila, Hajipur-682013",1601216,Standard
FwmYR0716S,Ishwar Ramachandran,1970-02-12,"H.No. 317, Vyas, Agartala-049037",1260163,Standard
xHXvG2954o,Oviya Keer,1995-09-12,"43, Dube, Pondicherry 174192",1376793,Standard
FAlgT5814l,Nidra Barad,1963-04-18,"94/54, Johal Zila, Ratlam-156309",1096021,Standard
zHQVv3079X,Priya Mohan,1979-09-07,"40/899, Chokshi Street, Karawal Nagar-516681",893264,Standard
EmBCb1339E,Jai Srinivas,1999-09-22,"H.No. 242, Garde Street, Bareilly-063236",815597,Standard
IgPYt5401s,Om Minhas,1992-08-21,"02/435, Morar Nagar, Bulandshahr 118615",1868537,Standard
ZKsgt6409F,Reyansh Zacharia,1997-03-21,"05, Desai Road, Anantapur 908261",639450,Standard
yuNrl1035V,Balendra Ghosh,1971-06-26,"66/969, Ganesh Street, Muzaffarpur-861941",1996676,Standard
RbNYo1839Y,Jonathan Mand,1999-07-05,"H.No. 662, Guha Circle, Alappuzha-348893",1968922,Standard
xgVHy3437B,Baljiwan Tripathi,1984-08-08,"438, Rajagopal Street, Begusarai 507435",922853,Standard
WJOHZ0952N,Anita Srinivasan,1998-01-01,"69/64, Kadakia Path, Ghaziabad 765047",1752928,Standard
acWLZ1883L,Anusha Deshpande,1992-06-26,"H.No. 49, Purohit Marg, Chinsurah-989947",511799,Standard
SPbBL0617d,Advika Sarraf,1960-08-10,"847, Nayar Zila, Nangloi Jat 665051",1622901,Standard
RgyFQ8860s,Pratyush Jayaraman,1974-05-11,"69/85, Mall Nagar, Pune-669375",1970650,Standard
lYJBe4024E,Garima Sehgal,1963-06-28,"503, Naik Circle, Haldia 648163",531744,Standard
WVAJd8493Q,Rohan Naidu,1989-11-16,"H.No. 101, Sarna Street, Ghaziabad 193048",1039565,Standard
wHyWE5277d,Lila Narang,1983-04-06,"634, Manda Road, Hindupur-689633",848084,Standard
moxCR1812A,Vansha Batta,1985-07-18,"44, Shenoy Path, Haldia-626367",1112341,Standard
NJMFF8508q,Kavya Mahajan,1974-07-18,"52/95, Sehgal Ganj, Nizamabad-376768",1504009,Standard
jbEAD7404w,Darika Saxena,1978-11-22,"H.No. 157, Johal Ganj, Giridih-009406",1541404,Standard
jpVsU5658q,Yash Vohra,1977-09-20,"523, Sabharwal Street, Patna-047091",1267803,Standard
LWQxA1034e,Yachana Rastogi,1976-06-01,"15/83, Malhotra Chowk, Purnia 447761",1028797,Standard
QarUD8687U,Mugdha Rajagopal,1992-04-14,"52/565, Prasad, Hajipur-423302",1366258,Standard
sburE9276R,Pahal Ghosh,1965-08-11,"H.No. 513, Wali Zila, Gandhinagar 474733",1483449,Standard
DUVGv8914k,Tamanna Mistry,1975-08-10,"594, Chauhan Road, Rourkela-873518",1242279,Standard
Etgnf6647n,Faraj Tiwari,2000-11-29,"585, Loke Ganj, Ratlam-539885",665980,Standard
MuvNZ2178N,Chavvi Borra,1966-08-25,"H.No. 81, Sharma Marg, Udupi-383193",1974385,Standard
JTWcU4891d,Dhruv Kuruvilla,1981-03-27,"924, Chauhan Street, Ramgarh-309121",513568,Standard
msffs8527U,Gaurang Hegde,1972-01-01,"55/301, Kapoor Path, Jhansi 440778",1940907,Standard
VAxNJ1109t,Ekaja Shan,1982-09-15,"45/418, Chaudhari Street, Vellore-520641",980272,Standard
gSVyP9106y,Anay Bhargava,1990-11-06,"42/168, Sahni Street, Saharanpur-756269",1793980,Standard
HmOrF9620K,Aarush Apte,1978-07-09,"57/228, Bawa Chowk, Sangli-Miraj & Kupwad-007485",1435600,Standard
ZmJDh9724j,Gaurang Merchant,1977-10-19,"H.No. 80, Varty Street, Pune-048022",1521028,Standard
tEqCZ4065z,Benjamin Bajaj,1972-07-11,"64, Banik Ganj, Pali 562388",692305,Standard
CUywB7888S,Ethan Jha,1981-07-09,"22/901, Hari Zila, Bangalore 794719",1816325,Standard
bnvhW9038U,Ekantika Korpal,1993-02-20,"H.No. 19, Lad Zila, Phusro-534728",1805023,Standard
VAEnO3951d,Timothy Date,1999-10-08,"H.No. 848, Raval Circle, Bathinda-292582",1748696,Standard
aWWhH2828n,Yatan Prakash,1969-04-17,"85/68, Sami Road, Alappuzha 809645",1116428,Standard
UrKuK8374E,Manan Buch,1970-09-30,"H.No. 755, Dutt Path, Panipat 411486",1630087,Standard
WhVPh2675Y,Panini Kurian,1977-10-18,"65/51, Sarin Path, Gorakhpur-789630",1231420,Standard
VGldh0935z,Baljiwan Chada,1977-04-18,"422, Mand Circle, Farrukhabad-766809",1074891,Standard
fZOGc8460r,Samar Hegde,1975-06-10,"H.No. 37, Prasad Ganj, Silchar 155446",1671530,Standard
jzcNB0539F,Neha Devi,1988-10-05,"53/649, Bhatnagar, Khora -856728",1600183,Standard
wuUYP5021Q,Yatan Bahri,2000-11-10,"H.No. 58, Chakraborty Street, Kharagpur-643956",949218,Standard
VzaCJ7844N,Vasana Oza,1960-08-13,"75, Biswas Path, Chapra 414925",1316154,Standard
NIlHW3164R,Zansi Nayar,2000-02-21,"76, Raghavan Path, Ballia-705549",1257139,Standard
XBIEQ4343F,Gayathri Roy,1993-05-20,"09/490, Ravel Chowk, Bihar Sharif-535977",1630582,Standard
hvPqD1001D,Bhavna Lall,1971-05-20,"87/225, Sidhu Path, Rewa 135474",1165646,Standard
PxDnN1685Q,Max Khanna,1964-11-11,"H.No. 80, Padmanabhan, Khora  758166",1608658,Standard
OOhXm0284A,William Kala,1999-08-12,"H.No. 407, Krishnamurthy Zila, Guntakal 147973",1487839,Standard
TuKvc4185H,Xalak Mander,1980-05-25,"H.No. 703, Rama, Surat-759001",1655649,Standard
KYPrK7067c,Rachana Gokhale,1991-01-09,"16/215, Khalsa, Raiganj 353673",1343635,Standard
AcFdD5589i,Tanish Madan,1960-11-01,"H.No. 13, Amble, Darbhanga-097427",799593,Standard
zRouE4936T,Riya Bhatnagar,1973-04-06,"00/735, Patla Marg, Pali 825263",847905,Standard
jGWHy7941B,Gaurang Date,2000-10-08,"142, Dutt Path, Gwalior-978925",1576866,Standard
CqOOr9465y,Tanish Golla,1980-07-12,"H.No. 11, Chatterjee Circle, Guwahati 673805",1731485,Standard
PPIgS2038L,Sai Sanghvi,1989-12-07,"47/14, Desai Marg, Bhopal 483335",1982025,Standard
lCkIn4011y,Rohan Agarwal,1989-08-09,"H.No. 77, Anne Nagar, Karawal Nagar-183762",769604,Standard
APESe9507O,Qasim Chandra,1988-12-24,"H.No. 88, Rana Circle, Dewas-869303",1691721,Standard
YzqNB2645D,Ikbal Chacko,1982-05-01,"39/064, Bali, Kanpur 425197",1623838,Standard
VxJKg0181m,Lucky Raman,1986-08-21,"H.No. 21, Koshy Path, Khora  625260",619325,Standard
KVWbJ2216T,Jeevika Majumdar,1990-01-11,"33/58, Thakur Ganj, Nellore 065735",1757266,Standard
qyKnX1745S,Jason Bal,1966-02-10,"H.No. 128, Gulati Ganj, Aurangabad 589799",1589877,Standard
DgFFf0359F,Rehaan Bali,1978-07-12,"H.No. 941, Kulkarni Street, Kolkata-164838",1429143,Standard
CyJqh9533W,Netra Shankar,1986-08-27,"H.No. 643, Nair Road, Muzaffarpur-730332",915318,Standard
vWFqv4967h,Chasmum Mand,1991-04-26,"73/181, Ram Path, Mau 270799",715296,Standard
Ahggd5947E,Manya Mohanty,1985-08-14,"56/572, Shah Circle, Rourkela 934854",1205927,Standard
MGqRy0390H,Omaja Apte,1984-07-19,"61/382, Soni Marg, Mango-779570",1872571,Standard
jyoFD3996L,Sachi Boase,2000-08-15,"35, De Zila, Malegaon 068243",1934726,Standard
dYjnN2333L,Zayyan Mammen,1980-10-27,"06/943, Rastogi Nagar, Bikaner 578652",1451447,Standard
GvpET9412d,Lavanya Lanka,1972-04-18,"75/31, Venkatesh Zila, Bardhaman 554280",863276,Standard
Wtixv5376Z,Varsha Samra,1992-06-30,"H.No. 203, De, Bhilai-170195",858081,Standard
LXKQi8663I,Veda Dutta,1990-05-15,"14/249, Rege Path, Gangtok-796441",1337451,Standard
WlIJG6033a,Aayush Bahl,1977-01-31,"874, Buch Path, Jaipur 201754",1935683,Standard
rHFNi5416Q,Christopher Luthra,1982-08-21,"50, Parekh Zila, Machilipatnam-442036",1068906,Standard
sVIZm0785m,Kashish Tripathi,1988-08-07,"83/680, Bawa Marg, Rampur-792326",1025733,Standard
vGTgN7148O,Abhimanyu Chandran,1979-11-11,"67/97, Bala Street, Etawah 920182",1980141,Standard
oTjKC8523a,Rudra Sood,1994-11-13,"15/85, Dash Path, Haldia 971492",1307691,Standard
tShYt0757l,Unni Khanna,1994-09-08,"25, Buch, Coimbatore-497736",1909683,Standard
tmOtm7724O,Daksha Shere,1990-05-03,"65/71, Ravi Path, Rajahmundry-299034",876742,Standard
sELAd8042O,Chandresh Mangat,1955-09-02,"57/376, Mani Street, Machilipatnam 225492",1408241,Standard
odMWf0369T,Daniel Chaudhry,1977-08-16,"117, Gopal Street, Bijapur-475690",1587768,Standard
iNZon0184v,Saumya Mohan,1966-02-26,"59/667, Butala Chowk, Kulti-226247",1915614,Standard
cUmjM3650K,Baljiwan Bhakta,1984-06-11,"14, Dhingra Road, Ambala 355404",866405,Standard
NFMjU2316T,Rachita Savant,1979-10-10,"34/39, Bahl Marg, Imphal 925287",1614160,Standard
mpZGg8357o,Anmol Srivastava,1970-11-04,"302, Sampath Ganj, Salem 247409",1354296,Standard
kdpow8537c,Elijah Ratta,1958-04-21,"510, Chakraborty Chowk, Raurkela Industrial Township-870940",1520373,Standard
vztef4224L,Kamya Pradhan,1960-12-26,"807, Borra Circle, Kulti-053494",886683,Standard
vSFWu1971w,Jairaj Ramanathan,1984-06-09,"24/63, Sani Nagar, Bulandshahr-185635",1910904,Standard
Beucs2007j,Dipta Rajan,1989-02-11,"77/14, Kale Ganj, Nagpur 901014",1737588,Standard
MjFGH6103G,Sarthak Barad,1974-02-24,"38, Comar Circle, Danapur-851856",1837567,Standard
QLyvz9050W,Lajita Srinivas,1967-01-03,"27, Agarwal Street, Ramagundam 237356",1637985,Standard
oUUTX4078b,Chandran Ratta,1996-02-08,"H.No. 454, Jayaraman, Surendranagar Dudhrej-467490",1980781,Standard
UACxe6688J,Vyanjana Chaudhuri,1960-09-27,"H.No. 60, Pau Path, Dhule-318073",1570295,Standard
iwHwB9200v,Wriddhish Singh,1987-06-22,"H.No. 316, Srivastava Chowk, Guntakal-615487",1165839,Standard
qQdix2012s,Ekani Bajwa,1999-10-25,"H.No. 90, Bansal Circle, Tezpur 673887",828641,Standard
znamZ2461Y,Yuvraj Vora,1969-12-24,"H.No. 914, Munshi Ganj, Srikakulam 930741",969591,Standard
urAWy7996j,Robert Parmer,1961-10-24,"527, Raval Path, Kolkata-230234",1591011,Standard
Cglxf0567Q,Zilmil Bassi,1972-11-17,"05/16, Sankar Marg, Hosur 239278",729972,Standard
ONcLJ8447y,Omaja Butala,1977-03-27,"95, Manda Circle, Avadi-022482",628222,Standard
mUepD4886p,Faraj Mital,1979-12-31,"H.No. 180, Rai Street, Dharmavaram 419396",1035951,Standard
qDYYf0610G,Harsh Dass,1976-06-25,"H.No. 76, Kakar Circle, Rajkot-341413",611965,Standard
JOgta1811v,Vincent Dugar,1976-06-13,"04/47, Thakkar Nagar, Vijayanagaram 940671",1926912,Standard
nebmg4878q,Madhavi Magar,1976-06-09,"757, Luthra, Malda-033744",1492833,Standard
CaMop9998M,Veer Ramaswamy,1996-11-12,"641, Rajan Nagar, Rajahmundry 675318",1538676,Standard
pfRcf0576b,Gaurangi Merchant,1982-09-21,"H.No. 36, Rama Nagar, Jaipur 474867",836193,Standard
XOOLH9486L,Yashoda Krishnan,1990-03-11,"H.No. 361, Bera Nagar, Bhind 177375",1573935,Standard
ZmcCH9493g,Ethan Sathe,1962-04-12,"H.No. 490, Chander Street, Baranagar-155967",1353423,Standard
QQHtQ4333K,Hema Prasad,1966-01-12,"03, Parsa Ganj, Mumbai-499926",1437690,Standard
ThVNE6536P,Warinder Chawla,1985-12-12,"24, Tandon Circle, Thiruvananthapuram-865392",1658884,Standard
QfqSf7687p,Sai Dash,1987-10-19,"H.No. 605, Chaudhuri Path, Berhampur-792116",665210,Standard
SZLJN2506m,Adya Ramaswamy,1975-08-05,"89/70, Minhas Zila, Karimnagar-039342",724187,Standard
zVLjx7186u,Christopher Narayan,1956-08-24,"H.No. 001, Bhakta Zila, Khammam-161973",1915679,Standard
OGfif8449o,Champak Vala,1964-07-19,"69/908, Sridhar Marg, Thiruvananthapuram-104481",931107,Standard
xuUAe7736M,Jonathan Bora,1991-02-10,"H.No. 631, Rao Circle, Bhilai-613023",1308714,Standard
MpBGm6416u,Odika Shere,1984-08-05,"239, Kari Zila, Tiruvottiyur 826712",552928,Standard
LqMNK6937u,Quincy Munshi,1967-08-13,"H.No. 48, Kothari Road, Hosur-811143",1055590,Standard
bMTHb3064u,Varenya Chada,1977-10-01,"06/27, Srinivas Circle, Tirunelveli 912046",1886936,Standard
AlUzz3721U,Tarak Dhingra,1967-12-21,"H.No. 802, Nagarajan, Udupi 737939",1607001,Standard
WweKP5795j,Siya Luthra,1960-10-31,"36, Arora Chowk, Dehri 256761",1605837,Standard
sUknn1258b,Brijesh Pathak,1982-02-07,"82/924, Dewan Circle, Rajahmundry-107883",1575409,Standard
TBwWs1273I,Manthan Gour,1955-03-17,"H.No. 197, Merchant Nagar, Tinsukia-416279",599233,Standard
ekNUU6365u,Garima Chand,1956-05-08,"H.No. 081, Mitter, Warangal 623003",1307647,Standard
ipucj6072V,Aarnav Gupta,2000-08-05,"43/753, Contractor, Chapra 809166",917697,Standard
NyJEU3166R,Aditya Kothari,1969-01-24,"H.No. 44, Bahl Zila, Navi Mumbai 649700",1902920,Standard
JbgvU8445P,Vrishti Ray,1975-05-24,"28/092, Char Road, Secunderabad-509699",1231333,Standard
vkTvx6131k,Nicholas Deol,1999-12-25,"83/77, Keer Road, Gopalpur 476253",982710,Standard
fhvXk9501u,Yashawini Saran,1967-05-20,"88/826, Kant Nagar, Raiganj-890304",893314,Standard
TWLEh5880I,Ekansh More,1963-12-16,"H.No. 54, Golla Path, Anantapur-967577",1508223,Standard
RmYCL9911Z,Andrew Mody,1977-07-28,"745, Chahal Zila, Mumbai-897015",663899,Standard
myTHM2213X,Darsh Amble,1990-01-01,"61, Tripathi Street, Chennai-461139",1090485,Standard
iDgOv9799S,Chanakya Kannan,1969-05-26,"858, Vala, Anand-843976",1192229,Standard
PaEpF3090L,Chameli Malhotra,1976-04-19,"H.No. 41, Seth Nagar, Amaravati-626543",855795,Standard
gSzbZ4759U,Zaid Om,1994-06-23,"90/799, Patla Marg, Hospet-756816",1091581,Standard
tRcFS7843n,Saanvi Chaudhari,1986-09-25,"H.No. 350, Swamy Nagar, Munger-233854",1522064,Standard
LLMvi0336J,Caleb Grover,1970-04-13,"65/327, Murthy Ganj, Kochi 972490",1847184,Standard
rEFes3223B,Bahadurjit Kibe,1979-04-25,"H.No. 70, Bansal Street, Bulandshahr 741364",1302136,Standard
ZEZzh4594X,Hritik Krish,2000-02-13,"06, Balan Path, Machilipatnam 222830",1027563,Standard
AJSwp5644Q,Aahana Prabhakar,1980-03-08,"50/26, Natarajan Ganj, Chennai 778943",837615,Standard
mKUMd3276q,Balendra Balakrishnan,1990-05-19,"96, Samra Street, Udaipur-209755",878832,Standard
XMcBP0617D,Ekalinga Oak,1962-05-12,"H.No. 393, More Road, Berhampore-972162",1991503,Standard
WRoLV1833O,Nakul Purohit,1999-03-05,"H.No. 530, Chada Chowk, Malegaon-008228",1985753,Standard
lDXdu3774s,Vritti Wason,1985-04-20,"H.No. 632, Vasa Street, Vijayawada-698044",1142985,Standard
LuiVr6658F,Agastya Saha,1956-05-07,"24, Goel Path, Surendranagar Dudhrej-787477",922764,Standard
CaZSS8840M,Omaja Nadkarni,1987-08-04,"H.No. 612, Varkey, Jamnagar-268092",1496185,Standard
TPWyq8261h,Avi Agarwal,1978-04-09,"H.No. 860, Ram Path, Hosur-316647",706211,Standard
DLHmh9512l,Kiaan Patel,1971-03-28,"H.No. 601, Chada, Miryalaguda 870170",1842653,Standard
xkcED8671P,Christopher Sinha,1974-06-08,"368, Pradhan, Kavali 724610",1297434,Standard
KadRE5110d,Watika Pathak,1956-12-07,"H.No. 02, Mani Path, Ujjain-920102",1669218,Standard
YMErP9759D,Victor Sami,1976-11-20,"H.No. 25, Rajagopal Street, Dehradun-416415",680857,Standard
YYRxf3740m,Tara Karpe,1985-04-01,"99/768, Puri Zila, Bettiah-571749",818466,Standard
NUzHG0584f,Anjali Banerjee,1990-02-08,"H.No. 86, Mander Street, Raurkela Industrial Township 445099",1175461,Standard
lqxWp9863u,Ridhi Chopra,1961-08-21,"08/518, Roy Road, Sasaram 932135",1442129,Standard
QndQD9618U,Anvi Wali,1955-08-04,"642, Tandon Path, Bangalore 548298",1922663,Standard
jeWZs7819E,Ati Sekhon,1975-10-13,"H.No. 29, Shah Ganj, Ongole-721461",1639392,Standard
IdZrw7275Z,Pratyush Sampath,1985-05-17,"88/77, Memon Path, Ozhukarai-741340",619439,Standard
SnAaS1929v,Qabil Setty,1977-09-04,"H.No. 63, Bala Circle, Jamnagar 844793",987726,Standard
exAJZ6561z,Kevin Khatri,1959-04-02,"65/948, Mutti Nagar, Kota-022743",657367,Standard
RlZPT3037W,Ekansh Yadav,1983-03-10,"H.No. 75, Guha Marg, Vasai-Virar-138078",1347263,Standard
WZdzA2878e,Chanchal Palan,1997-05-23,"35, Nanda Marg, Vijayawada 288252",673403,Standard
yBLcu1288N,Madhavi Vora,1976-02-18,"84/705, Basu Street, Vijayawada-298871",1570089,Standard
nByHB2320s,Saanvi Srivastava,1992-02-14,"85, Sinha Street, Dehri-603208",697229,Standard
rCfVa7783A,Vedant Kapadia,1973-02-14,"35, Ghose Marg, Bikaner 700453",1061011,Standard
EndiX5859D,Jonathan Garde,1992-07-02,"H.No. 424, Dua Nagar, Tiruvottiyur 468939",1362163,Standard
ggAEJ7704I,Jagvi Sama,1998-06-01,"73/865, Anne Marg, Alwar 673322",980117,Standard
IMvwI9124D,Ayush Anne,1999-11-20,"945, Mallick, Bidar-076089",1108529,Standard
iTdop5301K,Jacob Khurana,1989-05-11,"28, Kota Ganj, Khandwa-581080",827954,Standard
DrZmu1533z,Ansh Dayal,1998-04-19,"871, Raj Path, Narasaraopet-957945",1223227,Standard
NKxxb7595v,Wriddhish Ram,1964-02-22,"H.No. 485, Borde Road, Hapur 525207",780079,Standard
zPuge8821N,George Mistry,1980-06-29,"45/203, Deshmukh Nagar, Kharagpur-730882",1456400,Standard
RplUf4035Y,Bhavani Mangal,1955-09-05,"34, Krishna Nagar, Belgaum-805257",1755270,Standard
dTbsE9599M,Gaurang Deshpande,1999-08-17,"H.No. 46, Chadha Nagar, Raipur-434857",875214,Standard
XRNBS1339l,Prisha Sagar,1960-12-15,"421, Dora Zila, Dehradun-381301",1427199,Standard
ckNHM4948d,Ladli Sachar,1975-07-30,"191, Banik, Coimbatore 356831",1256800,Standard
OzFdt7236T,Veda Chada,1955-10-18,"18/74, Nagi Nagar, Gorakhpur-320344",1912608,Standard
FeqHE9560X,Hemani Bhardwaj,1988-10-09,"25/723, Purohit Zila, Kochi-037811",779548,Standard
mWKNy0570X,Darpan Samra,1982-03-04,"H.No. 599, Rau Road, Sikar-233700",1914723,Standard
aYbLF7158e,Chanakya Salvi,1968-06-28,"430, Nazareth Marg, Durg-888392",791793,Standard
UaKFl3759j,Lohit Prakash,1992-06-24,"H.No. 51, Contractor Ganj, Nagpur 482367",848308,Standard
TFmzK8838O,Maanav Khosla,1991-03-22,"H.No. 36, Sarna Road, Kadapa 664867",709756,Standard
FXfic4163z,Hitesh Shankar,1977-09-05,"77/60, Lad Zila, Anand 081144",583227,Standard
IhTtT1572n,Ekapad Bora,1983-03-15,"H.No. 460, Prashad Ganj, Hubli–Dharwad-605554",1588934,Standard
VzGpy6542G,Vincent Tata,1985-10-15,"H.No. 344, Mand Path, Tezpur 660030",1811214,Standard
PijFX1196j,Krisha Sinha,1973-03-13,"73/683, Pillai Circle, Amaravati-709340",1168003,Standard
RxcIh9916e,Nisha Lad,1956-05-02,"48/43, Sheth Chowk, Kanpur-279595",747574,Standard
wqsNV1429y,Forum Memon,1964-06-05,"56/275, Tella Street, Ahmedabad 617344",1527701,Standard
LlouR7945h,Simon Kari,1966-01-26,"89/710, Chana Nagar, Ahmedabad-812945",1428152,Standard
crXKt7613J,Gautam Mani,1966-11-06,"52/833, Gara Chowk, Secunderabad-798130",1331196,Standard
rODTE2656g,Harita Vasa,1993-02-27,"70/89, Bora Road, Morbi-161146",1298032,Standard
gLGpd4461W,Janani Mitter,1966-10-05,"885, Khosla Street, Karawal Nagar 877007",1170456,Standard
vplvg8812k,Azaan Gade,1966-04-27,"90/96, Sabharwal Marg, Siliguri-538395",1294250,Standard
zWQHi7164g,Akshay Gulati,1987-03-04,"03, Venkatesh Chowk, Dehri 693207",1601453,Standard
rGrMj0983R,Vyanjana Modi,1991-10-30,"29/650, Mangat Chowk, Mau-572676",1958370,Standard
GkGgC5419L,Wishi Sood,1994-04-26,"H.No. 345, Dixit Street, Gaya 269303",1762698,Standard
kxCop2645a,Triya Kuruvilla,1957-09-10,"H.No. 16, Oza Circle, Jalgaon-767512",816404,Standard
WOKLb5837d,Shaurya Ratta,1982-10-20,"763, Kuruvilla Ganj, Jalgaon-628372",578597,Standard
vWLng3722c,Veer Sinha,1958-08-24,"340, Sehgal Ganj, Shimoga 333188",552443,Standard
zOXfi3845x,Advik Luthra,1986-08-26,"H.No. 985, Sood Zila, Aurangabad-806455",1527595,Standard
xFQSI4421Y,Ubika Dugar,1984-08-18,"H.No. 32, Hora Chowk, Nagaon 934288",1003359,Standard
MDNMD3903R,Siddharth Buch,1980-05-11,"198, Salvi Path, Mirzapur 025066",1141935,Standard
zPDot6860F,Urishilla Chander,1975-04-17,"895, Chakraborty, Ahmednagar-242762",692116,Standard
KWzpR2155C,Samesh Sachdeva,1970-07-13,"40/38, Pall, Baranagar 565317",1185201,Standard
cdjVf0873b,Unni Jani,1980-11-23,"25/673, Garde Street, Anantapuram-493916",1877879,Standard
hcMat6019J,Meghana Bajaj,1985-02-16,"44, Hora Chowk, Kottayam-954176",1681889,Standard
mFgAs0909X,Hritik Atwal,1974-06-16,"466, Mital, Kumbakonam 387805",1086869,Standard
QvyBw2890f,Saanvi Mitter,1985-08-08,"88/83, Mahal Chowk, Bilaspur-096859",1455642,Standard
kVudj3806p,Yasti Ramakrishnan,1974-02-08,"H.No. 34, Parmar Ganj, Dehri-952121",938507,Standard
GCeaH5603I,Shaurya Narayanan,1976-02-22,"60, Bhargava Road, Morena-474769",1910537,Standard
llhZv1161c,Nidhi Munshi,1978-12-02,"90/041, Verma Path, Thrissur-528660",1778326,Standard
uVaXb1385k,Vasatika Hans,1990-04-27,"H.No. 124, Shroff Path, Hosur 580619",998564,Standard
hmzOY4999U,Balhaar Parekh,1977-11-22,"93/968, Bumb Chowk, Kumbakonam 708049",958073,Standard
WJTYx2932b,Harrison Sami,1960-09-21,"213, Pandit Road, Bhavnagar-940037",883885,Standard
HJwyj1775T,Aadhya Zachariah,1955-06-30,"H.No. 126, Bali Street, Allahabad-951657",1782004,Standard
JBdPe1211I,Jairaj Deep,2000-06-29,"025, Trivedi Path, Amaravati-062314",1405584,Standard
QSGSM5968g,Lila Chokshi,1993-11-11,"H.No. 50, Gade Path, Amritsar-036081",1001510,Standard
XaqqV6418Y,Brijesh Borra,1996-08-13,"H.No. 08, Mahajan Ganj, Phusro-449506",1662195,Standard
cAiSD0958q,Mitali Sankaran,1995-06-15,"07/42, Mahal, Farrukhabad-904957",570604,Standard
mRWOI7625s,Nidra Ramakrishnan,1996-03-07,"016, Tandon Road, Loni 174685",1705502,Standard
iMZCy9026f,Madhavi Ram,1964-05-09,"H.No. 349, Datta Circle, Silchar-701656",1142471,Standard
ckexF2774i,Gabriel Divan,1976-12-15,"352, Ramakrishnan Path, Mumbai-894961",1190478,Standard
dvXja7215O,Vedant Narayanan,1968-07-31,"18/456, Narayan Nagar, Tumkur 322109",1148189,Standard
qVoUg1294Y,Falan Mand,1957-02-17,"H.No. 37, Dora Chowk, Ranchi-116823",932543,Standard
KRVHf1379G,Alexander Basak,1993-08-07,"H.No. 26, Sheth Path, Bellary-587745",1999484,Standard
GHIjm2634V,Manthan Murty,1976-03-05,"535, Bir Zila, Hajipur 805034",1514089,Standard
VHlGE5538k,Adweta Sastry,1982-01-08,"60, Dave Circle, Dewas-871207",1879937,Standard
TyJxM5313m,Kamya Deshpande,1981-12-24,"07/414, Kannan Road, Bhilai-614452",669041,Standard
wTDtr9964n,Ekapad Srinivas,1961-08-09,"334, Seshadri, Bhiwani 010034",1401373,Standard
MFxVT3449I,Odika Biswas,1991-02-20,"60/21, Dube Path, Medininagar 376382",999737,Standard
nnhkk7490l,Ekanta Lalla,1992-11-29,"H.No. 473, Muni Zila, Tenali 477740",1915763,Standard
yAWwz7036a,Shivani Purohit,1964-07-02,"H.No. 282, Kala Zila, Siwan-784726",1177726,Standard
matUX4393x,Ojas Bansal,1982-05-27,"H.No. 485, Chandra Ganj, Panihati-435849",1608815,Standard
QtZBw8118g,Advika Golla,1963-01-29,"37/817, Mohanty Nagar, Gandhinagar 811659",1966728,Standard
KqkeN5585p,Rudra Chawla,1969-03-21,"65/972, Ratta Chowk, Purnia-775935",1599833,Standard
XtfFq8613M,Hiral Kannan,1992-10-26,"672, Iyer Ganj, Unnao 150011",826471,Standard
vtHat1391s,Rushil Sachar,1972-02-11,"H.No. 499, Chahal Nagar, Loni-164790",1871144,Standard
vEoHQ4991b,Suhani Raj,1986-06-13,"20, Ramesh, Ranchi-372643",764331,Standard
ZyKKC2058k,Janani Singh,1962-01-26,"79/327, Amble Chowk, Bhiwandi 491773",929232,Standard
BGvAG2609J,Dev Banerjee,1990-08-31,"586, Memon Chowk, Jammu 447026",1337573,Standard
FQBZW3276w,Aishani Natt,1990-04-16,"94, Lanka, Vijayawada-534745",1155379,Standard
XxpCF0240k,Anjali Viswanathan,1996-08-12,"945, Khalsa Nagar, Karnal-807805",1344652,Standard
UIxzL3833m,Jai Kota,1982-09-23,"80/407, Shanker Ganj, Pimpri-Chinchwad-150632",621332,Standard
cZVjA4051x,Siya Sankaran,1969-01-15,"74, Lata Marg, Bhiwani-332739",1232731,Standard
vMjYd9741T,Ekaraj Bera,1961-01-24,"76/078, Narang Zila, Katni 849779",713783,Standard
pbBfq7383q,Ekanta Sekhon,1999-08-14,"78/935, Padmanabhan Nagar, Alappuzha 270687",1063316,Standard
EfOSI5670R,Nathaniel Gopal,1971-04-20,"912, Swamy Ganj, Nizamabad-998413",678576,Standard
CavSG3768X,Vrishti Bhatti,1958-01-29,"H.No. 064, Tandon Nagar, Malda-847848",915509,Standard
HXwDn3034B,Bhavani Amble,1974-10-31,"28, Anne Nagar, Kochi 883643",1571236,Standard
uVNGr1678q,Benjamin Mutti,1995-01-05,"207, Sarin Path, Tiruvottiyur-699015",779384,Standard
MMQNz2302y,Theodore Bail,1995-11-18,"H.No. 65, Aggarwal Road, Ludhiana-991540",1462506,Standard
bhjOM2732w,Girik Narain,1955-04-28,"318, Barad Street, Hazaribagh 048109",906173,Standard
HsTCn3054H,Sachi Sunder,1995-11-09,"82/45, Khalsa Path, Dindigul-827238",536221,Standard
LwgGv2642l,Janya Sibal,1983-07-11,"H.No. 90, Bera Ganj, Ramgarh 954487",1827400,Standard
TWsGJ6150s,Eshana Balasubramanian,1989-10-04,"H.No. 64, Khanna Nagar, Indore-695559",1838532,Standard
GedGW3558T,Michael Sekhon,1984-11-15,"77, Magar Chowk, Ramgarh 541238",1582952,Standard
ZZpEM7249E,Anay Tak,1959-04-03,"H.No. 94, Mukherjee Circle, Surendranagar Dudhrej 166239",1735406,Standard
jvxLo5671v,Om Seshadri,1984-05-07,"06/41, Dua Street, Siliguri-653145",1781029,Standard
FOddv1341s,Gayathri Khosla,1974-09-29,"55/62, Samra Zila, Kurnool 766808",755514,Standard
ZVLfb9504G,Charan Memon,1968-09-11,"H.No. 557, Nagi Circle, Tiruchirappalli 933686",547202,Standard
QRAcH0931K,Aryan Chakrabarti,1957-04-19,"39/11, Pingle Zila, Malegaon 264009",1614724,Standard
BpFLc3339l,Warinder Sem,1990-04-29,"89/38, Mander Road, Saharsa-676634",1273651,Standard
tGSfl2083s,Nidhi Saran,1974-11-26,"644, Kurian Nagar, Karaikudi-279663",1438732,Standard
fRSJE7958C,Anjali Ganguly,1976-03-12,"14/469, Natt Ganj, Tiruchirappalli-566423",1316849,Standard
OyYYL9402W,Keya Loyal,1995-02-12,"81, Yogi Zila, Kolhapur-324687",1447057,Standard
DnoFT2203J,Chatresh Ram,2000-12-28,"67/48, Tandon Path, Faridabad 559657",1221938,Standard
yJRad6578w,Ekalinga Deep,1981-12-11,"H.No. 49, Kala Road, Rajahmundry-705614",1815319,Standard
Zqlcd6534s,Gagan Uppal,1984-05-16,"15, Bedi Street, Anantapur-919850",1488473,Standard
pouJu5651d,Adya Guha,1967-08-28,"63, Suri Street, Alwar-338106",1030303,Standard
VFccx0891j,Finn Wadhwa,1973-03-19,"49/659, Bail, Mira-Bhayandar 025996",1429164,Standard
uGmct1143a,Varenya Peri,1963-06-06,"10, Dua, Moradabad-897453",525624,Standard
pjcsp7147f,Sachi Manda,1971-12-18,"66, Rao Path, Akola 361655",1412304,Standard
qDuvv8062j,Tanmayi Dewan,1958-09-16,"70/275, Amble Zila, Raurkela Industrial Township-870690",1736509,Standard
lfSHf5711y,Samaksh Gole,1971-06-03,"33/05, Wagle Road, Ballia 165707",773585,Standard
gTHoc9432j,Patrick Randhawa,1973-01-23,"51/902, Modi Nagar, Amritsar-488051",1624867,Standard
szXxU0933p,Omaja Jain,1971-03-25,"54, Shroff Ganj, Delhi 164377",568736,Standard
aVrCd0217h,Harita Gara,1992-07-29,"97/178, Rai Path, Malda-975059",1045102,Standard
pbWSe1739d,Janani Chacko,1980-10-10,"17/936, Tata Road, Kadapa-406545",813217,Standard
xDbQF2593y,Abeer Lal,1981-09-12,"85, Din Marg, Hospet-926026",1395173,Standard
GbVhb1186M,Rajata Aggarwal,1995-01-05,"08/17, Bawa Nagar, Bhavnagar 628058",690166,Standard
YdfrQ7777L,Krish Rajan,1989-06-29,"H.No. 956, Rattan, Raebareli-773595",980469,Standard
kjcwh6919n,Nandini Khatri,1993-09-27,"89/250, Tandon Nagar, Aligarh-748673",950865,Standard
iUhFU5818F,Yashodhara Sengupta,1974-03-23,"35/99, Mohanty Path, Jorhat-569997",1229887,Standard
XcfNm1252d,Aachal Sandhu,1998-08-09,"71, Chakraborty, Bhimavaram 353031",1002460,Standard
ncuPz3878H,Yutika Sood,1980-06-20,"H.No. 52, Garg Marg, Bhavnagar-874781",1358742,Standard
zLQLm1282s,Jason Seth,1970-09-23,"931, Sharma Chowk, Thanjavur-394750",1646324,Standard
UEXKf5577D,Samar Borah,1963-07-27,"H.No. 53, Kota Path, Coimbatore 750927",756698,Standard
GcUYm2094y,Shravya Pandey,1983-06-14,"391, Wason Marg, Jaunpur-885506",1404620,Standard
PrrZg9439d,Amol Mital,1964-12-14,"H.No. 93, Mallick Path, Raipur-181889",1642456,Standard
njWOL6991p,Saumya Nagi,1969-04-28,"H.No. 157, Gulati Nagar, Berhampore 601642",570201,Standard
usAka6245l,Vihaan Om,1972-01-31,"394, Suri Nagar, Raiganj-434660",732371,Standard
RdUQd9547A,Zaid Vora,1960-04-06,"51/63, Deol Path, Rampur 202241",1138732,Standard
yGcMv7561B,Frederick Wadhwa,1977-11-15,"336, Parsa Marg, Kolhapur 915658",1311787,Standard
QxUEJ1791k,Forum Goel,1975-09-18,"H.No. 911, Dutta Road, Ambala-414013",1235150,Standard
LmLhs8569k,Ekanta Dube,1955-06-01,"01/740, Behl Street, Aizawl 988866",1126064,Standard
eSIjD5948l,Yug Rajan,1986-02-16,"44, Dasgupta, Jhansi 180113",888508,Standard
ngwzI0852X,Warinder Mann,1967-06-25,"22/462, Sood Marg, Latur 025342",1945354,Standard
ZcCEy3867b,Krish Hora,1999-05-19,"67/408, Sur Chowk, Aurangabad-752400",754996,Standard
ebSRZ3305W,Maanav Mander,1986-06-17,"H.No. 26, Mann Path, Junagadh-927639",1671715,Standard
JQgZJ8523k,Lakshmi Handa,2000-08-29,"68/07, Mahal Nagar, Ahmednagar-731899",1393055,Standard
fUBRL5931L,Faris Halder,1976-09-18,"70/507, Tandon Nagar, Dindigul-884949",1005821,Standard
YwDyG9963A,Jeremiah Bobal,1971-03-14,"51/94, Mammen Circle, Alwar 259551",1956144,Standard
Newsg3305L,Sathvik Pandya,1962-06-29,"67/45, Karpe Zila, Berhampur 590504",911355,Standard
jjpqi1737A,Yadavi Shukla,1957-09-18,"812, Buch Circle, Rajkot-547521",561773,Standard
LBpWF1275n,Gagan Mohan,1996-04-14,"H.No. 088, Edwin Marg, Meerut-594003",1727301,Standard
pTAtJ8180x,Baljiwan Basu,1963-10-21,"H.No. 14, Chahal Nagar, Ranchi 846168",1223115,Standard
lWesK7873M,Advay Kadakia,2000-04-05,"H.No. 34, Kumer Chowk, Kurnool-421065",1593206,Standard
zaeaO1004s,Ryan Dara,1970-12-23,"H.No. 79, Deol Road, Chittoor 239567",562166,Standard
YXeTH2176Z,Sudiksha Swaminathan,1983-11-05,"H.No. 13, Srinivasan Circle, Solapur-398189",1334805,Standard
crGEo3972c,Jalsa Dada,1994-12-19,"H.No. 86, Chad Circle, Rajahmundry 188079",674086,Standard
OOYgw6403F,Yashvi Narula,1997-03-15,"53/62, Pathak Nagar, Farrukhabad-392719",1718512,Standard
oHuAD5406a,Chatura Sidhu,1998-03-25,"784, Bhakta Street, Secunderabad 535440",1917438,Standard
DDSGH7896I,Krishna Cherian,1957-02-25,"040, Mukherjee, Jabalpur 246175",664618,Standard
gbStJ7804B,Veda Bumb,1990-07-14,"H.No. 26, Master Street, Mehsana-498671",989897,Standard
DDXao1018p,Eta Sheth,1958-03-23,"073, Morar Street, Bhusawal 490304",1297207,Standard
CNMVG3817L,Advika Raval,1994-01-22,"04, Dara Circle, Nellore-186432",1444196,Standard
SyxgG3145Y,Ojas Sheth,1980-01-05,"H.No. 034, Sharma Ganj, Davanagere 567405",1356256,Standard
fPQjn3625h,Gayathri Kuruvilla,1962-06-16,"02/06, Suresh Nagar, Shahjahanpur 930052",1942372,Standard
kPBYC2144P,Jasmit Iyengar,1993-03-03,"H.No. 61, Rout Zila, Satara 426184",1808294,Standard
WXuIj5537z,Jyoti Bhasin,1991-05-10,"94/02, Deol Ganj, Sri Ganganagar 935803",898454,Standard
bvbZF5288u,Widisha Trivedi,1961-01-05,"H.No. 44, Parmar Street, Parbhani-777444",1409755,Standard
pctBs9649Z,Chanakya Saran,1955-08-14,"48, Dass Marg, Bharatpur-377938",1811125,Standard
Lgihb5460q,Upadhriti Dugar,1979-07-22,"39/601, Bhasin Marg, Ajmer 707926",673776,Standard
smhRz2517X,Teerth Deep,1980-04-27,"94/398, Kuruvilla Circle, Bhatpara 895236",554256,Standard
KAUqv1794Z,Irya Pandya,1986-01-31,"31, Mani Chowk, Bahraich 832240",1165251,Standard
zQiEy2393g,Nilima Madan,1957-02-03,"H.No. 65, Chaudhary Path, Ujjain 381105",639562,Standard
TMkcE0228X,Hamsini Parikh,1966-07-29,"77, Gopal Road, Bhagalpur-433732",898611,Standard
AXVLl7839f,Jagdish Barman,1955-11-02,"H.No. 772, Kurian Zila, Chandrapur-965371",1586470,Standard
hbwla5573J,Dominic Setty,1970-02-17,"H.No. 793, Sibal Ganj, Ambattur 297341",1044535,Standard
XkRSD4850Q,Avi Vora,1965-03-10,"H.No. 907, Gera Street, Kishanganj-121894",660651,Standard
PSuKA5239X,Karan Keer,1969-04-18,"98/75, Sharma Zila, Amroha 323088",1461236,Standard
MseDv8060a,Ati Dara,1970-01-24,"88, Tak Marg, Hazaribagh 558509",948337,Standard
vcsNC5914l,Mahika Sachar,1997-05-09,"728, Nori Marg, Panvel 420438",1910106,Standard
zjgFy4504q,Chakrika Jaggi,1994-01-31,"67, Bandi Road, Miryalaguda 985857",900013,Standard
dzPZB4911D,Pushti Mann,1961-04-05,"97/895, Sha Ganj, Faridabad-249316",1555945,Standard
jqpCI4598a,Ria Agate,1974-12-11,"93/651, Sekhon Circle, Singrauli 692032",1066578,Standard
hjxyE7357l,Mohammed Krish,1955-05-10,"89, Contractor Path, Muzaffarpur 425660",1409924,Standard
vFZIn0980A,Samesh Balasubramanian,1968-10-13,"653, Varma Street, Raebareli 997707",1515034,Standard
Frygr0600Y,Yug Saxena,1957-02-28,"91/744, Ram Ganj, Gwalior 387621",1383005,Standard
aVuqx5774G,Pushti Dara,1990-08-26,"74/14, Suresh Street, Muzaffarpur-419887",951971,Standard
RKlfO2634k,Samarth Kanda,1994-03-28,"H.No. 90, Shenoy Nagar, Rajpur Sonarpur-044845",939474,Standard
xQrhU6771D,Madhavi Amble,1975-03-20,"93/91, Ratti Zila, Uluberia 677657",582926,Standard
EzcJw6664i,Xiti Oommen,1998-08-18,"H.No. 55, Bobal Street, Bharatpur-499887",1315303,Standard
GFjDx8298t,Lucky Ganesan,1955-05-12,"85/069, Yadav Street, Ahmednagar-400672",1905914,Standard
LcpkZ4663f,Yug Bhakta,1968-03-23,"33/01, Choudhury Zila, Jaipur 548855",1191203,Standard
iSswj8755K,Hemang Oza,1960-02-12,"97, Pal Road, Nagaon 517983",1808076,Standard
vwzBN8713B,Samar Pant,1991-08-01,"H.No. 782, Ram Path, Bhilai-624694",1727353,Standard
mzZRI7629s,Raagini Vohra,1979-08-26,"73/67, Bava, Kolkata 719095",836803,Standard
QDkgi2038h,Faqid Barman,1998-02-28,"62/446, Dora Street, Bareilly 566339",581213,Standard
jsmUi3508y,Ekantika Khosla,2000-11-11,"H.No. 307, Munshi Path, Amritsar 202484",1386196,Standard
rxaWV3507M,Yatin Gour,1990-02-07,"H.No. 244, Mittal Nagar, Chandigarh 907718",930658,Standard
iWFEO2353P,Vrishti Sarin,1979-02-26,"61, Datta Chowk, Raurkela Industrial Township 355481",706016,Standard
yABgv4712R,Teerth Datta,1996-05-06,"02, Pal Zila, Navi Mumbai 433906",547716,Standard
NPvGl2798s,Urvashi Gulati,1969-09-02,"90/37, Choudhary Zila, Mango 939557",1021089,Standard
YVfAR1421l,Bahadurjit Raman,1999-06-29,"H.No. 044, Ramesh Ganj, Thrissur 444329",771235,Standard
jkSWT6914a,Ubika Doctor,1966-04-06,"83/527, Batta Circle, Bongaigaon-710933",1716822,Standard
acLcd8530Q,Siddharth Dey,1978-04-22,"54, Pingle Marg, Jamshedpur-284703",525788,Standard
olTsy4463w,Bhavani Bhattacharyya,1977-10-07,"35/175, Jani Chowk, Jabalpur 176965",1902867,Standard
uYAac9596Y,Theodore Sem,1976-06-11,"64/84, Chakrabarti Street, Phusro-225145",1355309,Standard
UmDPi5795o,Mekhala Sachdev,1958-02-03,"H.No. 26, Kala Road, Udaipur 081372",1960927,Standard
hbNXm2982x,Deepa Gupta,1996-04-08,"50/14, Ramesh, Proddatur-076953",1919679,Standard
InQQs9087W,Neha Shankar,1997-06-20,"82, Mitter Road, Chinsurah 694836",1011899,Standard
HAGkR0943V,Amol Wagle,1977-04-11,"H.No. 62, Sood, Burhanpur 923257",995015,Standard
TAITM2734T,Urvashi Bhakta,1973-06-06,"344, Saha Marg, Vasai-Virar-514961",913563,Standard
zkGJy8068W,Omkaar Magar,1972-01-29,"951, Sane Circle, Erode 344088",646419,Standard
pIbhz3318L,Amrita Singh,1983-08-30,"37/793, Agate, Sangli-Miraj & Kupwad 016318",1708826,Standard
OjpLg5200x,Tarak Bora,1968-04-13,"31/409, Goel Circle, Rourkela-023189",1643030,Standard
hlNwM6720b,Guneet Shan,1988-02-04,"00/01, Buch, Gandhinagar 324483",621986,Standard
hxeus4387U,Daksha Saran,1997-02-18,"08, Apte Chowk, Karawal Nagar 820400",633056,Standard
IUmsO9380T,Praneel Jayaraman,1966-06-09,"00/593, Lanka Street, Bongaigaon 252762",948254,Standard
fohgB5202D,Bina Gandhi,1991-01-12,"70, Chacko Zila, Amroha-167862",1539129,Standard
gvmGz9025q,Rachana Savant,1970-12-09,"099, Chacko Road, Sonipat 040531",960351,Standard
dQvbC9841u,Aarnav Wable,1972-09-05,"46/77, Kaul Nagar, Dibrugarh 679700",1700790,Standard
zrQsc8307v,Ekanta Narang,1955-07-22,"727, Savant, Durgapur 901832",1293388,Standard
Wkemq0511b,Rohan Rajagopal,1991-05-17,"90/50, Mitter Street, Rewa 117471",1377066,Standard
rIwZC1706K,Yashvi Ravi,1968-04-23,"H.No. 07, Bakshi, Bihar Sharif 388190",1106075,Standard
SAFYS1145z,Reva Saha,1959-11-15,"H.No. 96, Char Nagar, Agra 176451",699236,Standard
jQnJa7702q,Victor Mody,1985-10-16,"25, Dixit Ganj, Tadipatri-928489",1179794,Standard
TGFlD8735k,Tanveer Nori,1987-03-09,"40/939, Rattan Circle, Thiruvananthapuram 648442",708984,Standard
ouUWz7398Y,Karan Khatri,1996-01-17,"76/227, Nath Ganj, Noida 062016",1847687,Standard
XdhqS6334i,Kavya Rao,1968-05-18,"636, Wable Street, South Dumdum 357044",630827,Standard
VPtnr4551s,Frado Brahmbhatt,1962-03-10,"H.No. 94, Natarajan Road, Tumkur-188424",1333598,Standard
xekNh6381h,Anjali Swaminathan,1998-09-10,"64/299, Sathe Circle, Nizamabad-353998",1631196,Standard
xpadD7591u,Advika Pillay,1999-04-27,"H.No. 79, Keer Street, Sonipat 824531",1018287,Standard
qztpV0812E,Om Morar,1969-01-05,"H.No. 60, Salvi Marg, Raipur 696374",590519,Standard
HFMSO9121c,Hamsini Andra,1983-12-05,"15, Andra, Moradabad 502316",1756838,Standard
lEkJZ0040N,Yasti Karan,1998-07-02,"086, Lalla Zila, Ajmer-079669",669418,Standard
kcdPe9784s,Arunima Madan,1964-04-22,"H.No. 737, Koshy Street, Jabalpur 952859",919489,Standard
QESBn9475W,Yahvi Garde,1995-05-19,"H.No. 57, Singh Chowk, Pali-607410",1022201,Standard
rURIg5939u,Avni Karpe,1993-10-19,"H.No. 60, Wali Street, Suryapet 966096",678736,Standard
zbFuf3547Z,Gagan Bhandari,1961-01-20,"22, Mukhopadhyay Marg, Vasai-Virar 245940",1231879,Standard
uzxpv8593k,Yash Singhal,1985-11-11,"65, Shanker Path, Shivpuri 852512",1034440,Standard
ADYLO2584d,Vyanjana Nair,1966-08-02,"29/49, Narang Marg, Bhagalpur-749990",1424065,Standard
vrcCa2038d,Gaurav Oommen,1993-11-02,"H.No. 26, Nagarajan, Imphal 851397",1033836,Standard
NsAet6352i,Oliver Bains,1973-06-22,"063, Lall Ganj, Solapur 897873",919203,Standard
PywMm7282Q,Yashica Barman,1974-07-18,"16, Korpal Nagar, Ahmednagar 854418",1726998,Standard
dQlRb4366O,Gagan Kapadia,1987-02-03,"10/936, Sachdev Chowk, Berhampore 736576",907587,Standard
vNdnq4554G,Ganga Krishna,1968-10-09,"H.No. 026, Jayaraman, Serampore 308923",1775851,Standard
xRVet3313P,Gayathri Balakrishnan,1986-08-20,"40, Devi Marg, Kanpur 741514",1435076,Standard
kgAsJ4876p,Laban Setty,1994-06-02,"H.No. 294, Sarkar Nagar, Morena-520235",542741,Standard
DXhkx8937I,Aishani Wali,1993-02-01,"51/65, Bhavsar, Satara 446452",1440022,Standard
qexkt3900j,Warhi Yohannan,1979-11-24,"01, Singhal Circle, Khora  014670",1221210,Standard
jWPvc9367V,Yahvi Bala,1958-12-04,"70, Khurana Chowk, Bhusawal 316134",1478547,Standard
iZRVf0799y,Inaya Srivastava,1977-01-17,"H.No. 42, Jaggi Circle, Kishanganj-785150",1693680,Standard
ewwVD6688h,Janya Sagar,1983-05-12,"89, Bassi Road, Bidar 646059",1187378,Standard
heonL5516v,Raghav Grover,1963-12-27,"H.No. 825, Raval Marg, Guntakal 126974",1211448,Standard
JtHEK8697W,Rudra Chada,1993-12-04,"H.No. 527, Lad Nagar, Pali-259164",1497615,Standard
iEszL2301T,Indrajit Sura,1981-08-05,"19/86, Shukla Ganj, Loni-536062",705806,Standard
mwAEn2306P,Vritti Sha,1980-06-15,"984, Agarwal Zila, Bangalore-327303",936119,Standard
TCtSy2482n,Joshua Karnik,1978-04-08,"H.No. 882, Kibe Nagar, Haldia-862185",1080550,Standard
PkGWf3111D,Ayushman Kadakia,1998-05-30,"63, Modi Marg, Akola-326598",1995612,Standard
mRFNd4503T,Arunima Balasubramanian,1970-05-01,"531, Dugal Ganj, Tiruvottiyur-756719",1010151,Standard
xzGDJ5030d,Ekalinga Dass,1982-02-09,"H.No. 94, Bora Circle, Kozhikode 882015",1993633,Standard
CFArK1497f,Mugdha Chad,1982-10-21,"52, Ganesan Circle, Munger 954902",555657,Standard
LXsmQ9484V,Ekaja Shanker,1987-09-15,"H.No. 388, Oza Marg, Pune-915956",617640,Standard
nKSPV7832Y,Raghav Rajagopal,1956-01-24,"H.No. 270, Rajagopal Marg, Kishanganj 360878",864668,Standard
QiboO0720T,Harish Bhavsar,1965-10-09,"76, Savant Ganj, Pune 734483",1881411,Standard
aDOgL6567O,Idika Ravi,1999-11-23,"H.No. 39, Suresh Marg, Visakhapatnam 467393",514999,Standard
aLVvr1649B,Wridesh Bedi,1979-02-06,"H.No. 253, Deshpande Zila, Bhusawal-254780",1175780,Standard
dtafX0958s,Jason Mutti,1996-06-04,"H.No. 019, Banerjee Nagar, Bhagalpur-467347",1951505,Standard
oKOcJ4369M,Henry Kade,1962-04-30,"18, Dhar Ganj, Kollam 542842",539934,Standard
LPcmW5111w,Akshay Memon,1966-04-29,"597, Bansal, Kolhapur 887676",572135,Standard
UHKue6062m,Anay Kala,1993-06-01,"74/43, Wable Nagar, Sasaram-632939",1520757,Standard
WypGk7026a,Jason Pall,1976-01-18,"H.No. 331, Singhal Zila, Pimpri-Chinchwad 776771",1686668,Standard
MiWco9288d,Sachi Nagarajan,1984-10-26,"H.No. 89, Khanna Street, Bhagalpur 067787",1697504,Standard
WMEQl1924y,Harita Shroff,1959-05-23,"H.No. 96, Kuruvilla Chowk, Bareilly-537525",940052,Standard
IjuiU7448A,Isaiah Verma,1979-11-19,"H.No. 567, Kata Ganj, Aurangabad 764670",1048778,Standard
aMImG5068V,Ekansh Kapoor,1972-08-29,"02/758, Behl Marg, Dewas-633389",1667472,Standard
xirXu2349C,Harinakshi Bose,1976-07-31,"26/38, Amble Circle, Rourkela 271618",566130,Standard
LDVqE6286A,Tanveer Singh,1956-09-12,"47/872, Vyas Marg, Aurangabad-192294",998184,Standard
GWSaW1232z,Ijaya Khosla,1994-06-24,"54/55, Bhatt Road, Ratlam 140035",1736714,Standard
kGjBE6303m,Chavvi Andra,1976-01-04,"H.No. 71, Thakur Marg, Kolhapur-325086",1084438,Standard
uysOn2868t,Libni Bedi,1990-09-03,"H.No. 925, Sarna Circle, Saharsa-673631",781651,Standard
Jsycg6330E,Meera Doshi,1990-01-05,"649, Varma Nagar, Panchkula 911634",514381,Standard
dTSgy3031A,Keya Sankar,1967-03-15,"H.No. 54, Mannan Zila, Deoghar-796229",1206465,Standard
GtHBf5110c,Oeshi Bassi,1999-12-05,"04, Badami Marg, Mango 953891",1110081,Standard
ebAyO6244F,Ekaja Singhal,1970-01-20,"50, Mahal Street, Rajpur Sonarpur-544071",858389,Standard
NHxbk1072p,Hiral Balasubramanian,1983-12-28,"H.No. 485, Kapadia Ganj, Bhilai-147955",1169857,Standard
ZJSks4129W,Naksh Ahluwalia,1967-04-08,"20/895, Choudhry Street, Katni 126962",1792304,Standard
EVoTi5050r,Vincent Merchant,1971-04-06,"25/027, Ranganathan Road, Mathura 844037",1965335,Standard
MLLrj6543U,Anirudh Halder,1970-04-27,"41/486, Dave Ganj, Kottayam 050487",1867043,Standard
uhJin1590D,Onkar Cheema,1959-01-24,"H.No. 44, Kata Chowk, Madurai 174003",1777974,Standard
RGSrH4568z,Vidhi Joshi,1987-08-12,"66/60, Deshmukh Chowk, Singrauli 047412",1682520,Standard
amBHM0818n,Ishani Deo,1991-04-30,"H.No. 39, Patla Ganj, Rewa 269577",633381,Standard
JsJdn5266Q,Prisha Hegde,1982-04-09,"52, Bhavsar Road, Sonipat-764298",1339362,Standard
nNWwp3930M,Krishna Ranganathan,1957-11-13,"987, Mannan Ganj, Tiruchirappalli 499747",1948310,Standard
RPCDc5473r,Omisha Shanker,1991-05-13,"H.No. 65, Srinivas, Muzaffarpur 103405",612331,Standard
ULgdH7368V,Chaaya Choudhary,2000-12-02,"94, Balay Ganj, Nanded-887716",934170,Standard
uGDlo9916A,Darika Boase,1963-02-07,"57/86, Choudhry Chowk, Kharagpur 728182",1592953,Standard
WJNPI9127G,Nitesh Kuruvilla,1994-04-27,"H.No. 841, Natt Path, Nellore 304376",1281793,Standard
xKzFb3185F,Radhika Kumer,1972-05-24,"40/004, Saxena Nagar, Bulandshahr 231064",1891599,Standard
kLAHV0797k,Yahvi Narayanan,1975-10-25,"449, Dixit Chowk, Raipur-366547",928749,Standard
SQUpQ5878E,Darpan Naidu,1967-10-14,"90/677, Naik Zila, Rewa-174304",1187800,Standard
Ydcsh0256m,Nilima Ranganathan,1988-08-27,"707, Dugal Zila, Ramgarh-176350",857684,Standard
kKUMb6427S,Shivansh Vala,1992-04-19,"67/622, Banerjee Chowk, Karnal 316391",1947279,Standard
rEivA5846d,Leena Sibal,1989-11-22,"36/906, Nagarajan Zila, Patna-613409",716365,Standard
jYXRd7312T,Leena Sarna,1984-08-27,"H.No. 05, Gola Ganj, Sangli-Miraj & Kupwad-694353",1733704,Standard
DJQax2861J,Wriddhish Venkataraman,1957-03-15,"213, Sawhney Marg, Sagar 552615",1586168,Standard
VwQxF1070a,Naksh Prakash,1957-06-25,"H.No. 41, Halder Street, Dharmavaram-258692",1258699,Standard
bcyPl6356v,Dev Pau,1960-12-21,"51/937, Krishna Circle, Bellary-273445",715318,Standard
FBSkh8019m,Omaja Chakraborty,1982-01-08,"H.No. 526, Kothari Path, Ajmer 470810",807748,Standard
kLUCe1481N,Caleb Krishnamurthy,1971-10-13,"12/68, Sura Zila, Bangalore-805889",510614,Standard
cIhrb9058m,Barkha Bakshi,1978-02-26,"05/635, Sankaran Circle, Udaipur 311669",767358,Standard
OeksB4602C,Aarna Dhawan,1989-06-09,"59/836, Behl Street, Shimoga 959126",825232,Standard
pofUq0920V,Kala Sahni,1979-02-10,"65, Vala Chowk, Rajpur Sonarpur-499504",663561,Standard
sPgzr3896w,Lekha Dhawan,1993-05-16,"230, Divan Chowk, Suryapet 641261",1334483,Standard
FquIz3955h,Ekantika Thaman,1968-08-21,"H.No. 835, Mallick Road, Bhalswa Jahangir Pur-988192",1047425,Standard
xyNml0696x,Lucky Shanker,1984-08-31,"683, Ghosh Zila, Mau-418399",1754048,Standard
VXckY5578i,Gaurang Sha,1988-11-08,"29, Patil Road, Guntur 944735",1411923,Standard
SpNeb3414V,Quincy Khare,1963-06-11,"90, Sami Marg, Bardhaman-720110",1415613,Standard
GqpVD4083J,Meera Badami,1960-10-21,"79/533, Dhar Road, Anantapur-939224",1852023,Standard
CXlDD2577q,Sanaya Nori,1958-04-14,"88/521, Manda Zila, Bhiwani-363839",683492,Standard
GtlZY6878b,Turvi Narula,1997-08-12,"89/477, Rajagopal Nagar, Giridih-853202",551200,Standard
ATQTP5461E,Nisha Saxena,1998-11-27,"98/63, Brar Marg, Chapra-945921",513925,Standard
loOvO1857d,Avni Sharma,1969-07-28,"62/63, Raghavan Circle, Jalna-791782",1218358,Standard
TPhbY2008b,Aadhya Gokhale,1989-05-13,"06/25, Nagy Zila, North Dumdum-149096",1858216,Standard
aaTqO7108w,Qadim Mahajan,1965-09-06,"49/665, Mishra Street, Varanasi-171972",669233,Standard
qnWpu5123o,Ubika Prakash,2000-12-28,"73, De Road, Thanjavur-503104",1215057,Standard
qaEEe9791O,Yashvi Balan,1983-02-15,"46, Sachar Marg, Darbhanga 217124",1370551,Standard
GQZpY3566V,Tejas Dube,1978-09-22,"52/55, Sehgal Circle, Unnao-507810",1510556,Standard
PMtZD7283y,Ojasvi Bora,1967-07-04,"H.No. 99, Ravel Ganj, Aligarh-275644",531012,Standard
ueOMv3909z,Teerth Babu,1959-03-22,"21, Parmer Nagar, Pali-078704",837598,Standard
VPxWW8113m,Yatin Sagar,1979-11-09,"29/598, Sastry Marg, Nandyal-554899",939786,Standard
SLMyM0712W,Eshana Master,1992-05-22,"H.No. 029, Kalla Ganj, Rajpur Sonarpur-689374",1539453,Standard
pBWII6021s,Jagvi Tata,1987-10-29,"91/842, Bhatnagar Path, Haridwar 765589",1143006,Standard
xiSIu2235J,Atharv Sarkar,1968-04-16,"829, Keer Ganj, Asansol 897153",1239750,Standard
FkAHQ5964t,Amaira Sachar,1973-11-15,"H.No. 728, Chauhan Ganj, Bhilai 088087",1012692,Standard
WbVRv5645I,Advik Nagarajan,1991-01-28,"H.No. 886, Swamy Chowk, Nizamabad 619378",1225913,Standard
yYOsy8663W,Xavier Kanda,1970-12-12,"49, Karnik Marg, Nangloi Jat 262819",1863693,Standard
nFsnJ1502O,Yash Mani,1976-05-04,"194, Nagarajan Nagar, Nizamabad 260979",1871115,Standard
rwLFC6291p,Krishna Babu,1993-12-16,"81/74, Kata Chowk, Junagadh 397885",942544,Standard
VMRRw8748P,Sneha Dada,1971-09-06,"H.No. 49, Bhattacharyya Marg, Latur 257477",1131168,Standard
Okfjo7437G,Yutika Shah,1985-04-07,"H.No. 918, Venkataraman, Thoothukudi 798322",807839,Standard
uLaus9000w,Raksha Karpe,1980-11-13,"H.No. 05, Bhavsar, Bally 246271",1105542,Standard
pdXWA2393v,Samaksh Prabhu,1968-04-11,"H.No. 98, Randhawa Nagar, Ambala 196087",1385225,Standard
GPJjX8757S,Ranveer Shroff,1983-12-10,"77/39, Kota Circle, Kharagpur-097978",853969,Standard
RPsrx5500Q,Sachi Dey,1995-11-24,"01/07, Kashyap, Siliguri-527825",1398312,Standard
vNtQf4630V,Pavani Tata,1963-04-07,"53, Sathe, Alwar 819870",665143,Standard
FvTuW8840m,Janya Hayre,1981-09-10,"683, Prabhakar, Malda 513069",1953580,Standard
XiIgu6721y,Shivani Bala,1967-06-28,"798, Choudhury Street, Chapra-413717",1068678,Standard
KcHxH3063n,Nikita Lal,1989-03-05,"16/72, Wason Ganj, Khandwa-606775",657195,Standard
YpVWY5957u,Harish Aggarwal,1976-09-11,"25/040, Narasimhan Street, Indore-587235",1875343,Standard
YEOjc7845H,Michael Mani,1962-10-17,"H.No. 507, Konda Road, Machilipatnam 081611",1256275,Standard
foPsb5566T,Ridhi Parekh,1958-02-02,"H.No. 58, Bandi Road, Bikaner 069906",1665352,Standard
pvBPw4949V,Umang Ramesh,1969-05-24,"H.No. 72, Modi Street, Anantapur-708335",1187500,Standard
rPOYN1424O,Neelima Kota,2000-09-12,"04/539, Badami Circle, Jamalpur 725140",773069,Standard
dKLGC9617n,Widisha Atwal,1995-03-05,"88, Kapoor Zila, Berhampur 691281",1661158,Standard
quqAy5016j,Reva Kata,1962-08-17,"612, Rau Chowk, Tenali-295794",1660878,Standard
JdOKP7450G,Jagdish Shukla,1970-10-12,"H.No. 71, Bansal Marg, Malegaon-144716",1611556,Standard
XgxlB5044q,Hemani Tella,1998-02-03,"94/541, Contractor, Madhyamgram-498762",1206533,Standard
ZmCpM0938z,Nitesh Muni,1966-11-03,"H.No. 741, Sarkar Road, Gopalpur-261353",1200518,Standard
vyfJm4255j,Michael Chakrabarti,1969-03-02,"55/109, Mahajan Path, Mirzapur 750568",546434,Standard
PHlSa8084C,Urishilla Bora,1965-04-27,"402, Kakar, Bettiah-326727",1347475,Standard
iCCUB3326C,Radha Nayak,1989-07-01,"87, Menon Chowk, Ramgarh 499313",1572900,Standard
kUWzA6757G,Aayush Narayanan,1970-09-02,"83, Balay Street, Aurangabad-131779",765308,Standard
cnJRI0534o,Ryan Chaudry,1999-07-17,"01/66, Zachariah Road, Sangli-Miraj & Kupwad 628019",1436299,Standard
Pxmeh3889w,Wridesh Sule,1992-01-21,"34, Nadkarni Zila, Lucknow 608623",591829,Standard
zcjAP6504l,Deepa Talwar,1992-08-07,"H.No. 18, Sandhu Street, Sambalpur-062108",1451973,Standard
ENLFP4015b,Laban Viswanathan,1959-05-27,"52/686, Prasad Marg, Deoghar 681682",1963800,Standard
oEmdH1407R,Fitan Mand,1968-06-23,"09/20, Om Nagar, Belgaum 070247",1504860,Standard
NHTIH4857N,Dev Kashyap,1966-06-22,"15/22, Johal, Bhavnagar-254014",649161,Standard
FXxsp9384P,Yashawini Yadav,1982-05-15,"47/80, Soman Nagar, Gopalpur 366983",1333156,Standard
PbrvI7555p,Jalsa Barad,1955-12-14,"H.No. 990, D’Alia Ganj, Ulhasnagar-135980",845285,Standard
hZWxR4333A,Aishani Badami,1962-11-20,"H.No. 60, Iyengar Zila, Khammam 062260",1710940,Standard
VriWy9316z,Vihaan Dada,1980-10-28,"H.No. 823, Amble Zila, Fatehpur 719945",1719964,Standard
WhMQO7405K,Ayush Borah,1995-09-20,"H.No. 67, Parmar Ganj, Erode 595176",1323578,Standard
hpPbj3524T,Krisha Srinivas,1961-09-06,"56, Ganguly Nagar, Amaravati 357774",676699,Standard
xEfFv1490m,Kabir Tandon,1997-06-28,"615, Shetty Circle, Rewa-171511",823191,Standard
hksSZ1424G,Janya Mody,1983-05-14,"H.No. 371, Lalla Chowk, Chapra-669545",1658094,Standard
Vamqa0857h,Waida Rau,1961-02-07,"13, Comar Nagar, Cuttack-383181",1439315,Standard
uELyw7203B,Advik Balasubramanian,1959-05-11,"H.No. 26, Sarma Nagar, Ramagundam 164342",908039,Standard
EusQz4114B,Anvi Wable,1964-12-13,"H.No. 642, Buch Zila, Sasaram-603895",1242512,Standard
prSBz1592u,Dhruv Tandon,1974-07-13,"H.No. 33, Sant Zila, Amaravati-060541",721819,Standard
oPRsP1371B,Henry Arora,1988-10-20,"69/57, Bera Marg, Proddatur 041544",1907764,Standard
prSox7473P,Yuvraj Sankaran,1996-01-22,"H.No. 685, Patil Street, Solapur-504093",936604,Standard
HuNzJ7011K,Amruta Badami,1997-03-23,"05/50, Palla, Aurangabad 818472",1574348,Standard
znVMM6680O,Bhavna Bose,1984-01-06,"54/06, Sura Street, Sasaram 683112",1284550,Standard
MiJjX1795k,Wyatt Bumb,1967-08-22,"72, Agate Path, Kadapa 616271",1580550,Standard
YlFPT4134F,Maanas Jaggi,1976-06-30,"74/214, Arora Street, Udaipur-793741",1139728,Standard
NTNsj5871v,Forum Deshpande,2000-02-24,"09/558, Talwar Chowk, Tenali 273795",1959431,Standard
UOgBR7238Y,Joshua Dixit,1960-10-24,"H.No. 113, Bedi Ganj, Ludhiana-535024",1032214,Standard
XsTUg6948k,Liam Date,1967-05-14,"H.No. 873, Nagy Circle, Allahabad-391370",1691714,Standard
HnENk8587h,Isaac Samra,1992-09-19,"08, Kadakia Nagar, Jabalpur-193178",1870608,Standard
JYXZp4498I,Rudra Sawhney,1998-06-09,"38/113, Sehgal Ganj, Chandrapur 624554",1688054,Standard
auowu0770P,Samarth Lalla,1992-07-28,"08/29, Varughese Ganj, Howrah 847798",1015532,Standard
VwoDe2587x,Chaitaly Chaudhry,1976-11-16,"07/066, Tak Marg, Rewa-311916",1991446,Standard
vVobM1195p,Samesh Comar,1967-12-23,"779, Shukla Zila, Thrissur 930618",871485,Standard
sxHic9200E,Gopal Raman,1967-06-12,"42/468, Sridhar Road, Siliguri 506529",1310556,Standard
yZCNO9053h,Arjun Seshadri,1965-11-02,"89, Kaur Nagar, Pondicherry 819968",1329903,Standard
uTCVS4456U,Sanya Lall,1975-01-22,"H.No. 40, Chad Path, Anantapur-740920",1019074,Standard
MVMRp1675c,Ekbal Kapur,1972-07-19,"H.No. 580, Srinivas Marg, Aurangabad 446548",1981919,Standard
cscbs4000T,Aachal Parmer,1972-03-02,"34/87, Garde Path, Vellore-489924",1769668,Standard
CBdfm6625H,Upma Narula,1960-05-29,"165, Pradhan Street, Proddatur 595904",764903,Standard
CeXFq3150e,Anvi Srivastava,1987-12-22,"H.No. 032, Dara Ganj, Rewa-025461",1294531,Standard
ryLAs6844x,Zayan Morar,1960-09-27,"11/37, Magar Street, Kumbakonam-975914",725684,Standard
baKQt4894y,Aadhya Ravel,1970-12-28,"87/80, Kohli Chowk, Sikar-649737",1107350,Standard
rjwhK8053g,Jason Sampath,1963-08-27,"67, Sandal Marg, Howrah-919352",1469226,Standard
KQPNn6425h,Radhika Taneja,1956-01-30,"59, Bal Zila, Junagadh 967044",877800,Standard
rcwZC7771D,Krishna Patla,1956-04-08,"H.No. 44, Manda, Udupi 752563",839719,Standard
rwvUv7448T,Madhavi Rout,1969-05-08,"42/050, Om, Hyderabad-277282",1146977,Standard
RGJFd7695T,Nakul Sandhu,1982-06-15,"69, Balasubramanian Circle, Madhyamgram 448294",584394,Standard
EMzZg3500B,Udarsh Sridhar,1988-10-04,"471, Mani Marg, Dharmavaram-636950",1241134,Standard
lwcgy7259M,Ikshita Sane,1996-09-28,"98, Joshi Street, Morena-081334",1780651,Standard
XEtol9023B,Arya Manda,1961-09-02,"69/599, Dalal Zila, Chapra 640311",1582154,Standard
MgqBw8287L,Gopal Butala,1999-07-01,"390, Rajan Path, Bhiwani-239438",794042,Standard
kHGty3754p,Varenya Khurana,1975-11-18,"30/277, Buch Street, Ramgarh 162505",1275900,Standard
CNMjr5326P,Yasti Korpal,1986-09-22,"77/93, Vyas Circle, Hindupur-286728",1905988,Standard
YIyNf7747d,Andrew Savant,1980-11-04,"65/24, Nadig Zila, Muzaffarnagar-802040",1718100,Standard
ZgKei4107M,Zaid Kothari,1986-01-30,"57, Chaudhry Circle, Udupi 355019",1773296,Standard
QfbhU3531u,Kala Randhawa,1985-03-01,"700, Shenoy Zila, Tezpur-175607",1169127,Standard
TSCnD3021n,Vasana Basu,1960-09-13,"49/262, Dugar Zila, Bhilwara 061386",1011700,Standard
zdkPu5496f,Zaid Om,1991-12-10,"11, Balasubramanian Circle, Avadi 015311",735364,Standard
djEzM9596X,Anusha Talwar,1988-01-05,"H.No. 548, Puri Path, Ratlam-504224",1246378,Standard
LqQVS6406G,Imaran Swamy,1977-12-28,"82/771, Mital Zila, Eluru 580197",667087,Standard
JkzFV5570J,Eshana Batra,1972-11-24,"H.No. 442, Lad, Machilipatnam 088050",1433266,Standard
CQGQA1513X,Nirja Uppal,1972-03-06,"H.No. 24, Roy Zila, Durg-076817",915194,Standard
eqoBx0068K,Mitesh Kara,1995-07-31,"10, Krishnamurthy Path, Jaunpur-500760",1698692,Standard
TVIaa1751C,Zashil Gola,1989-07-09,"H.No. 76, Wagle Zila, Karawal Nagar 066721",1915111,Standard
WotLh9228q,Advaith Dora,1962-07-24,"25, Sundaram, Thiruvananthapuram 740891",1642298,Standard
LZrZs2059S,Mahika Walla,1991-09-27,"256, Bhat Street, Vijayanagaram 088025",958846,Standard
PkTdV7016P,Wridesh Shankar,1959-04-06,"H.No. 95, Cherian, Amravati-761662",1607600,Standard
zVmyd9658i,Yagnesh Prashad,1989-12-18,"092, Narain Street, Karimnagar-806940",609113,Standard
nPJFg9787I,Bhavna Dalal,1958-10-31,"65, Master Circle, New Delhi 004603",1537090,Standard
MSOFc5608y,Yash Singhal,1980-05-28,"H.No. 79, Murty Nagar, Howrah 702789",632569,Standard
qxhma0276R,Ekani Bedi,1963-01-27,"H.No. 47, Trivedi Ganj, Hosur 274062",1813326,Standard
YaCkw8285u,Qarin Arya,1980-03-26,"H.No. 550, Gulati Zila, Sangli-Miraj & Kupwad-711788",664017,Standard
hnNVS7505h,Gagan Varghese,1956-09-10,"H.No. 12, Aggarwal Nagar, Rampur 451569",1588517,Standard
EASNj9332Y,Alka Sem,1970-05-31,"H.No. 925, Jani Street, Gandhinagar-563607",882403,Standard
nEnNt1241N,Laksh Munshi,1991-06-12,"69, Gupta Road, Bihar Sharif 653145",1183532,Standard
JWhxc9456W,Ikbal Memon,1980-12-25,"79/89, Roy Chowk, Mathura-230423",1727140,Standard
OWpgQ3388K,Aayush Dhillon,1977-02-05,"04, Bajwa Nagar, Sambalpur 668470",1537768,Standard
VkDuE7260U,Pooja Jain,1983-02-25,"738, Vora Nagar, Panihati 097019",1755761,Standard
DFdOR9824D,Hardik Viswanathan,1981-12-25,"H.No. 986, Raval Ganj, Dehri-816896",1435596,Standard
YGRHe0066k,Champak Muni,1966-02-23,"46/58, Sami Nagar, Hospet 241997",1997737,Standard
hcJdH9703n,Aayush Pal,1972-08-12,"90/48, Hans Ganj, Erode 867260",1882888,Standard
QGSbB2131T,Oeshi Mishra,1958-11-04,"43/087, Anand Circle, Raiganj 537126",1202627,Standard
sfvYu8870F,Wahab Sarraf,1968-08-27,"175, Devan Marg, Ongole 433178",1072320,Standard
wPNEA2730B,Azad Wable,1976-01-17,"46/40, Natarajan Zila, Sultan Pur Majra 662199",1702391,Standard
vOiuv7856Q,Mason Lall,1977-10-05,"29, Bhakta Street, Nanded-679406",1874234,Standard
goHkC0154T,Niharika Yogi,1990-10-17,"23/89, Ramakrishnan Circle, Bhatpara-468629",1261872,Standard
oxzxF6610r,Devika Iyer,1988-05-30,"26/27, Pau Ganj, Silchar 012664",1125819,Standard
esMYc6096K,Abeer Batta,1995-09-02,"59, More Path, Bijapur 001784",653217,Standard
WPSkZ6274a,Pratyush De,1978-02-25,"H.No. 732, Sabharwal Zila, Dindigul-910708",1748532,Standard
fnQqa6117O,Ishita Bandi,1956-07-20,"276, Korpal Road, Ramgarh-652650",1310967,Standard
FRqff5347A,Naksh Trivedi,1980-06-23,"88/755, Tak, Phusro 041552",1958274,Standard
ZgzrU8230o,Yatin Desai,1996-01-25,"44/433, More Street, Sirsa-740477",1487417,Standard
NEjYY2464V,Chakrika Chauhan,1993-05-01,"10, Sathe Nagar, Jalna 982993",1108882,Standard
hiGiB1642w,Upma Bedi,1967-04-09,"H.No. 557, Chakrabarti, Dehri 345651",1801678,Standard
qrdTD2343S,Yoshita Bahri,1983-03-24,"39/594, Naidu Ganj, Panvel-590731",1087757,Standard
OgYel2821z,Max Chandra,1999-12-09,"H.No. 47, Tiwari Circle, Madhyamgram 070507",1901212,Standard
OziyQ0950n,Sachi Ravel,1967-03-24,"657, Aggarwal Street, Medininagar 470789",1771118,Standard
FFQvk3798S,Radhika Hayer,1981-06-25,"H.No. 44, Kapur Zila, Bidhannagar 826290",1328275,Standard
uMUKu1651k,Bhanumati Sekhon,1992-01-02,"H.No. 53, Jayaraman Ganj, Amroha-134756",637851,Standard
DyxOd1961j,Anmol Bahri,1957-12-22,"64/99, Vig Path, Pimpri-Chinchwad-512538",1292415,Standard
NSavn0631F,Sathvik Garde,1992-11-17,"74/622, Varma Marg, Ratlam-115243",1539564,Standard
CuCMm8720U,Dayita Mistry,1972-02-11,"96/45, Rajagopalan, Firozabad 840927",1233207,Standard
oQOAH7157v,Sai Bhargava,1976-10-31,"H.No. 11, Handa Nagar, Katihar 720759",548044,Standard
ABeNA1445Z,Tripti Puri,1955-09-04,"H.No. 434, Bumb Nagar, Udaipur 557647",1195625,Standard
VDmUi5665L,Varsha Mitra,1960-09-17,"H.No. 685, Bail, New Delhi 094621",738801,Standard
gyvoD4706o,Ekanta Jani,1975-03-11,"81, Dixit Marg, Ghaziabad-150710",1733036,Standard
MdoBD6616d,Daniel Luthra,1963-01-31,"97/796, Chawla Ganj, Haridwar 099608",1047692,Standard
ejjMG7496o,Yochana Suri,1991-11-05,"98, Thaman Circle, Bardhaman 759686",1066259,Standard
qGlSo8627a,Ria Bhattacharyya,1977-02-07,"H.No. 95, D’Alia Nagar, Thrissur 721156",1482040,Standard
bIkIl7814s,Darika Dani,1998-08-16,"H.No. 650, Mallick, Thrissur-596378",1649409,Standard
exgGU1319e,Lakshmi Bajaj,1956-10-25,"04/64, Lala Road, Sri Ganganagar 519394",1667251,Standard
fTOeN2789R,Radha Warrior,1995-08-14,"86/06, Bora Circle, Aizawl 666117",1349193,Standard
kaAEd7294J,Hema Venkataraman,1978-06-24,"04/977, Naidu, Belgaum-003031",606016,Standard
fCwLJ5186M,Pranav Doshi,1976-02-16,"41, Madan, Guna 251990",1833487,Standard
onqNi1026j,Vedika Solanki,1958-10-04,"26/823, Patel, Bilaspur 448213",690347,Standard
uPvEz8011M,Harish Prabhakar,1962-01-04,"H.No. 32, Singhal Ganj, Kanpur-973175",1657558,Standard
jrpqS2523j,Samarth Palla,1987-11-11,"28, Swaminathan Nagar, Rajahmundry-006455",1504569,Standard
kNscE8048R,Zilmil Raghavan,1967-10-06,"72/93, Bajaj Chowk, Sangli-Miraj & Kupwad 873608",623659,Standard
iRiAj0558W,Fitan Rege,1986-05-04,"H.No. 153, Sengupta Street, Thrissur 147756",1057828,Standard
VFfpC8863L,Abhiram Vohra,1957-02-19,"28/98, Goda Zila, Rajahmundry 575376",756615,Standard
kOuyj4451k,Advik Jha,1974-02-14,"42/996, Kadakia Zila, Sultan Pur Majra-860699",1822536,Standard
vecyQ3994H,Zilmil Doshi,1996-12-19,"29, Purohit Circle, Farrukhabad-785710",928137,Standard
xyMvP3630P,Patrick Mutti,1997-08-29,"41/23, Ganguly Path, Motihari 081107",827119,Standard
nTzbp1492X,Yasti Balan,1989-07-26,"H.No. 43, Desai Chowk, Davanagere 677638",1339592,Standard
RGdZt3191o,Wridesh Batra,1995-04-06,"H.No. 68, Goda Road, Miryalaguda-801874",626442,Standard
TSogh7291k,Ishanvi Sastry,1976-01-24,"023, Deol Zila, Unnao-704232",1734049,Standard
JffIu7588N,Arjun Sachdeva,1969-11-26,"H.No. 652, Ganesh Chowk, Hubli–Dharwad 095310",1246612,Standard
QlWue0179o,Omkaar Dugal,1968-04-16,"702, Chand Nagar, Kolkata 469613",1476968,Standard
jFkcO6077V,Janya Bava,1993-11-28,"35/333, Bala Path, Rewa 625104",1713233,Standard
FpcxQ9461e,Harish Jhaveri,1970-02-01,"67/30, Doctor, Mumbai-413596",963952,Standard
KdoYy6533o,Vasana Mall,1968-09-04,"58/00, Misra Nagar, Katni-675014",879278,Standard
rzxaY6831b,Aadhya Prabhakar,1979-07-29,"42/018, Bail Zila, Kakinada 016519",853907,Standard
zVbMh8890F,Bachittar Shan,1978-05-27,"77, Bail Path, Rewa 622843",921836,Standard
IVOJW9656O,Nitesh Anne,1964-09-12,"71/03, Nori Marg, Anantapuram 641442",1173716,Standard
svnes7197x,Isha Aurora,1993-02-16,"906, Palla, Nandyal 564272",972237,Standard
OfcYN9436b,Advika Naik,1958-11-18,"64/702, Sahota Ganj, Gandhidham 170602",1157350,Standard
umQQf2525m,Girik Sengupta,1983-09-10,"09/54, Swamy Zila, Shimoga-163790",1711697,Standard
kJhCm5848N,Siddharth Ravi,1997-02-09,"29/65, Chopra Marg, Ghaziabad 464676",1125940,Standard
ykvdJ4785q,Dalbir Brahmbhatt,1999-03-05,"99/25, Aurora Chowk, Kottayam 102855",529152,Standard
RjuRv1438j,Yatin Grewal,2000-10-17,"18/19, Banik Circle, Gaya-905306",1034997,Standard
oZdoJ7308H,Anirudh Cheema,1984-05-03,"92, Das Zila, Ozhukarai-719709",1316640,Standard
wTrbB5744L,Dayamai Kota,1989-09-20,"38, Korpal Road, Ratlam-676959",1049254,Standard
ylVAo7929k,Tejas Ganesh,1973-01-08,"H.No. 391, Baria, Alappuzha-514134",811270,Standard
HPojK3076X,Leena Chada,1998-08-22,"H.No. 19, Sinha Zila, Kozhikode-236374",1895344,Standard
ceneH3738q,Bhavna Borde,1967-11-06,"16/826, Bhattacharyya Zila, Baranagar 620734",1627787,Standard
Uwthr7873u,Omisha Mody,1985-10-15,"16/885, Goda, Sambhal-700889",1349244,Standard
chtJQ4383x,Yashica Chawla,1982-07-23,"H.No. 880, Biswas Road, Bikaner 462882",1636051,Standard
qSycZ6173I,Teerth Saraf,1968-09-29,"31/81, Seth Ganj, Saharanpur 804503",1496169,Standard
KhPfz0834s,Nitara Kumer,1994-07-15,"868, Jani Zila, Fatehpur-278181",1388407,Standard
lxSGI5539p,Parth Chakrabarti,1968-08-22,"H.No. 603, Thakur Ganj, Srinagar-876028",719104,Standard
EkASR7490q,Aarush Nigam,1957-01-31,"78, Ghose Zila, Raiganj-985930",1219368,Standard
PHgrB8227K,Zaid Nadig,1971-09-14,"207, Mital Street, Navi Mumbai-562306",929870,Standard
RKryF7801c,Aradhana Brahmbhatt,1965-04-05,"H.No. 71, Barad Street, Gurgaon 487485",841007,Standard
IPJBS6237e,Timothy De,1985-10-16,"H.No. 639, Bhatti Path, Vellore-657416",893198,Standard
AzTpR9843p,Kamya Saha,1960-11-07,"577, Tandon Chowk, Phusro 945836",1090828,Standard
CstIK1883k,Krishna Barad,1974-03-21,"H.No. 50, Panchal Street, Mehsana-217829",1391867,Standard
ezWgU5988a,Raksha Roy,1969-03-14,"H.No. 380, Kala Road, Rohtak-269808",1828029,Standard
aHAXg6551N,Aarush Tandon,1989-03-20,"13/294, Ganesan Nagar, Ambarnath-250165",1152460,Standard
EtHyn7555O,Ekavir Apte,2000-05-14,"H.No. 60, Murty Path, Bhagalpur-109600",1941684,Standard
ZReQv6616m,Ridhi Radhakrishnan,1982-08-24,"H.No. 45, Sheth Marg, Sasaram 433697",696590,Standard
qzYby5755J,Amrita Gole,1983-06-19,"388, Mukherjee Street, Giridih 608187",1013099,Standard
sgsOb5880m,Udant Mohan,1990-11-06,"H.No. 12, Dara Marg, Hospet-229309",1309890,Standard
RkfYm4431r,Ganga Sarraf,1996-04-22,"25, Ram Marg, Mira-Bhayandar 063657",1368125,Standard
PRxgY8371d,Hardik Keer,1982-03-04,"67, Patel, Warangal-496737",1528921,Standard
uvXCL1967h,Ayushman Mohan,1977-10-14,"894, Jani Road, Burhanpur 694136",1776223,Standard
HBGML6748z,Zilmil Srinivas,1990-04-16,"14/18, Naik Ganj, Baranagar-444742",958223,Standard
xtrvU7072j,Nisha Bhatt,1959-03-03,"28, Malhotra Chowk, Sirsa 193914",1837966,Standard
IkJbo6037u,Ishwar Bahl,1993-02-13,"70, Parmar Chowk, Aligarh 993925",1006470,Standard
SXtXR6797Z,Yash Chanda,1987-08-20,"62/66, Wable Chowk, Coimbatore-338638",797255,Standard
jVZAi1303t,Chavvi Bala,1996-07-15,"54, Sur, Ludhiana 364434",1089307,Standard
igPDy9541k,Azad Bose,1967-01-17,"28/00, Gaba, Raichur-650456",1163794,Standard
MccfM8696k,Raghav Chakraborty,1976-07-15,"H.No. 415, Narain Chowk, Ulhasnagar-686127",1232309,Standard
opvBN7933t,Anmol Chander,1992-07-19,"H.No. 76, Chacko Marg, Akola 064103",646613,Standard
OPFpQ1841l,Jyoti Dey,1969-06-13,"H.No. 54, Bhatt Marg, Ghaziabad 846726",1062750,Standard
MWGNl4401T,Charita Kade,1977-10-01,"42/562, Sami Circle, Mehsana-384751",1527833,Standard
RrNfG3407V,Andrew Prasad,1991-06-24,"H.No. 554, Panchal Marg, Mira-Bhayandar-690611",1248582,Standard
nOCjv9597p,Vincent Dani,1976-07-02,"H.No. 39, Madan Road, Motihari 540092",960901,Standard
dEJFp3195a,Ranbir Bala,1957-08-10,"32/926, Bakshi Street, Bharatpur-562849",1112275,Standard
UCISo7565Z,Xavier Mann,1969-02-22,"51/88, Pandit Circle, Motihari 828095",1921790,Standard
MCHma7283R,Rachana Pathak,1997-12-22,"07/456, Nagarajan Street, Bhind 327188",1518263,Standard
vdYLJ7587c,Bakhshi Sunder,1978-04-04,"H.No. 69, Shere Nagar, Dhule-648477",1750290,Standard
jtOYq3920X,Agastya Sridhar,1971-01-20,"H.No. 890, Bir Zila, Howrah 672916",1933381,Standard
fOXzA9426Q,Anvi Sule,1959-07-15,"93/527, Salvi Path, Bhavnagar 831300",1035026,Standard
olfvk1618K,Daniel Tailor,1975-02-11,"43, Purohit Nagar, Sagar 831672",623487,Standard
VqrEh3246c,Chanakya Ramaswamy,1959-03-13,"37/788, Gala, Rohtak-810072",1396819,Standard
ENZIU9084c,Girish Shan,1959-03-05,"H.No. 76, Zacharia Path, Malda 790336",1391405,Standard
XFMfb7594L,Vasudha Wadhwa,1974-03-28,"308, Mani Nagar, Kakinada-430498",1907005,Standard
abjzX2070D,Geetika Lala,1985-06-03,"96/416, Wadhwa Ganj, Mau 172303",937864,Standard
EZlyo5821R,Ayush Bera,1972-08-06,"11/258, Mittal Nagar, Ahmednagar 657721",1159539,Standard
SzHga1271K,Sudiksha Sagar,1984-03-18,"152, Sule Marg, Bidhannagar-107068",892737,Standard
AVtgs6864E,Inaya Mukhopadhyay,1984-02-18,"74/252, Sharaf Path, Nadiad 739516",677976,Standard
QPpQE6032V,Harish Lanka,1956-03-06,"71/519, Rai, Ajmer 047725",1162000,Standard
xOPMT9611w,Victor Tiwari,1974-11-04,"906, Upadhyay Street, Pondicherry 603098",783579,Standard
nqmrK0518n,Zaid Nagy,1984-08-19,"93, Sur Road, Durg 167621",1846660,Standard
bNAsF8743t,Sai Dey,1981-08-15,"70/92, Nayak, Bidar-890845",715105,Standard
iCEno4826g,Geetika Verma,1961-07-27,"63, Amble Road, Vasai-Virar-447652",690662,Standard
zHZvW2469h,Pranav Bhavsar,1987-06-18,"13, Dhawan Path, Khammam 705005",1163897,Standard
cFAAt7458I,Zarna Misra,1962-11-08,"H.No. 276, Tandon Nagar, Thiruvananthapuram-948224",1031226,Standard
IhyaQ5248m,Yuvraj More,1962-05-14,"54/614, Chauhan Zila, Patna-473912",1004945,Standard
HqsJT9835a,Krish Shanker,1987-05-03,"71, Rajan Path, Jammu 917447",948571,Standard
aQmbY9408Z,Ojas Basu,1982-05-28,"96/58, Bali Road, Buxar 764526",1397799,Standard
HakpJ5872y,Oni Gokhale,1983-03-15,"05/98, Dara Nagar, Chennai 005378",1612155,Standard
VEOkY2868U,Charan Halder,1955-09-17,"H.No. 816, Garde, Kurnool-662154",829117,Standard
JdCaX1519R,Suhani Desai,1997-03-11,"863, Yogi Path, Farrukhabad-638987",1097260,Standard
MfdNj4955X,Wriddhish Parsa,1979-09-29,"834, Kale Marg, Raebareli 905587",782058,Standard
LAfrU5302L,Chameli Bhattacharyya,1984-03-10,"20/279, Char Circle, Ozhukarai-811891",803693,Standard
vYHtI7284V,Anamika Kurian,1957-12-11,"28, Rao Circle, Panvel 720080",1292990,Standard
KFsnW5701Q,Sanya Nagy,1965-01-07,"H.No. 56, Bakshi Circle, Khandwa-015812",1912311,Standard
TlsNP3624R,Veda Barad,1955-05-06,"H.No. 906, Dewan Chowk, Agartala-095772",766352,Standard
sDypd4877R,Gauri Sarraf,1964-01-04,"00/634, Mohanty Chowk, Dibrugarh 420223",1543308,Standard
wDpnX0597B,Yachana Srinivasan,1980-10-03,"H.No. 55, Narula Street, Proddatur 685066",1757251,Standard
kQztG4878E,Udarsh Bath,1958-07-07,"H.No. 54, Lanka Marg, Kulti 479852",642571,Standard
sDash9484S,Kamya Banik,1977-05-29,"706, Natt, Amritsar-961387",917660,Standard
KrklK5955H,Rayaan Koshy,1999-02-06,"H.No. 997, Chahal Chowk, Saharsa-167743",576583,Standard
NaLHv6048M,Reva Chaudhary,1972-08-07,"47/49, Mohan Ganj, Pali-861618",989787,Standard
UuHRd7764I,Ranbir Bumb,1997-02-06,"179, Bala Nagar, Jammu-260557",1949428,Standard
WtvNx4028I,Pallavi Nagi,1980-07-01,"81, Banerjee Ganj, Kadapa 731835",1851004,Standard
VpWVq9412u,Saksham Goda,1980-03-09,"H.No. 55, Brahmbhatt Chowk, Yamunanagar 743514",1677481,Standard
miFSd9286j,Harish Shetty,1972-06-22,"10/60, Rama Chowk, Sagar 334602",1463198,Standard
zreTz6335O,Warhi Barad,1966-08-31,"H.No. 514, Panchal Ganj, Fatehpur 368504",757646,Standard
ydOWj4852U,Gauri Mani,1999-08-10,"405, Khalsa Path, Machilipatnam-139004",1916619,Standard
ExOkm5892r,Yashawini Swamy,1957-06-16,"33/55, Ratti Path, Danapur 981828",531410,Standard
XCtHY4399y,Caleb Pai,1979-06-30,"807, Dass, Munger-940447",1628769,Standard
ZuavA5017R,Idika Naidu,1990-02-15,"H.No. 86, Taneja, Ujjain 242043",1367421,Standard
SeKgc0063B,Harrison Koshy,1981-01-02,"11/42, Dube Nagar, Moradabad-232861",1303404,Standard
vtijq4024V,Onkar Mani,1971-05-07,"200, Char Nagar, Bikaner 892824",580818,Standard
FKgTo3509v,Neel Naidu,1980-12-04,"29, Venkataraman Road, Vellore 640897",1612616,Standard
yeraJ7953m,Udyati Baral,1995-09-05,"360, Sundaram Street, Bhilai 672617",1001566,Standard
jsuZM3629Q,Shravya Sha,1968-04-29,"821, Sankaran Road, Hindupur-222833",1391022,Standard
ulUkn8138v,Lekha Dhillon,1988-01-20,"H.No. 144, Garg Zila, Sonipat 292456",1370128,Standard
oKToS7089P,Bakhshi Mammen,1983-04-07,"741, Hegde Path, Begusarai-387895",1845396,Standard
vpWcL9190O,Harini Subramaniam,1979-08-14,"25/72, Gopal Ganj, Kanpur 708618",1118681,Standard
tzRDs6948D,Om Chaudhari,1973-04-27,"65/086, Deshpande, Berhampore-252541",738437,Standard
VAlPt1055e,Pahal Reddy,1985-05-09,"94/059, Mittal Marg, Vadodara-364245",1581367,Standard
urUUo3206i,Ekalinga Merchant,1970-01-15,"37/152, Gupta Road, Varanasi 568309",1349578,Standard
kxkVX5312z,Sachi Manda,1984-10-31,"76, Manda Road, Guna-307078",1799959,Standard
gissH1010X,Kamya Ramanathan,1996-04-06,"H.No. 187, Bahri Road, Parbhani 910072",1126618,Standard
lbsKM3149n,Oeshi Mann,1958-11-16,"107, Maharaj Nagar, Aurangabad 550315",1908995,Standard
ucyAa8878X,Sai Parmar,1999-02-01,"H.No. 483, Bora Path, Sambhal 951427",1495810,Standard
vXoIy7021h,Gaurika Das,1963-01-08,"714, Pingle Ganj, Firozabad 061650",554602,Standard
wnhSc4725F,Xalak Borde,1967-09-29,"25, Mohan Nagar, Belgaum-088609",1469182,Standard
XopAc6925g,Wazir Borde,1995-03-24,"H.No. 099, Contractor Circle, Bidhannagar 922887",1936200,Standard
qNjZw4159q,Chanchal Narayanan,1958-01-06,"42, Kibe Chowk, Hindupur-648110",1625608,Standard
OUiSD5129j,Ranbir Bahl,1984-01-07,"98, Rajan Ganj, Berhampore-070824",1315499,Standard
OwfTS0893o,Gunbir Pant,1985-12-12,"23/66, Ram Zila, Pune-729512",683407,Standard
ALBXh6608f,Anika Agarwal,2000-11-06,"92/767, Sabharwal Ganj, Dehri-333995",1037578,Standard
PFBaY0666T,Irya Bahri,1990-10-29,"H.No. 09, Kamdar Nagar, Erode 509805",1289398,Standard
ZeLKV5644s,Jonathan Lal,1969-05-24,"05, Gole Nagar, Gandhidham-191814",1313235,Standard
FHqNa9836p,Girik Sengupta,1985-02-18,"H.No. 767, Prabhu Path, Thane 375315",767385,Standard
NudTI7522p,Balendra Hora,1994-09-18,"74, Sanghvi Circle, Karimnagar 753515",1719951,Standard
mMiFa3474H,Onkar Bhandari,1986-03-16,"781, D’Alia Nagar, Kulti 082341",1995739,Standard
bKDwF6099T,Ishaan Rattan,1982-02-23,"64, Lata Road, Parbhani 946162",522873,Standard
iBgbv2277r,Omkaar Raj,1956-05-04,"55, Dhar, Bettiah-688649",1957294,Standard
CrwmM9339e,Patrick Kaul,1991-11-06,"14, Kumer Road, Rajahmundry 360908",1625903,Standard
XVDMt5753C,Tarak Cheema,1990-12-31,"900, Mangal Street, Morbi-234615",1031341,Standard
FzVaH1216M,Chaitanya Chakrabarti,1956-05-14,"H.No. 89, Thakkar Chowk, Tirupati-565829",1231919,Standard
SOcOQ3854t,Gayathri Badami,1970-11-07,"34/66, Bajaj, Bardhaman-986029",1647248,Standard
RJToe6532w,Anthony Srinivas,1956-02-27,"04/87, Sandal Circle, Aurangabad-083345",1152591,Standard
jMPVq1298w,Gagan Trivedi,1969-03-25,"81/47, Dhillon Road, Nagpur-438203",1741626,Standard
CGBCC9500v,Aadi Banerjee,1976-11-09,"60, Ramanathan Ganj, Dhule-614247",1960942,Standard
BVojN4151u,Ojasvi Bhatt,1998-08-30,"43/648, Borde Path, Dehri 757730",1304716,Standard
bfFQq6146X,Krishna Mohan,1956-10-08,"92/568, Narayan Ganj, Cuttack 838777",1915080,Standard
iotEW6540h,Hemangini Contractor,1968-03-05,"02/826, Sankar Path, Bokaro-675627",729760,Standard
aoXtL5454O,Saumya Patel,1997-03-24,"642, Bawa Street, Bahraich 544765",1932771,Standard
eJUPD8390y,Sanaya Bhatia,1973-07-28,"28/715, Kaul Circle, Shimoga-029973",1897553,Standard
lZrdj8544N,Abhimanyu Mitra,1983-11-25,"76/34, Sura Street, Aizawl-711578",1866655,Standard
fvAhz7378k,Vrinda Kakar,1980-10-02,"873, Manne Zila, Thrissur-916661",1861969,Standard
NUIHU6246K,Varsha Ramaswamy,1966-10-01,"479, Dass Street, Kumbakonam 867071",1855292,Standard
HQKwD6714N,Gauri Shan,1991-07-21,"529, Bhakta Circle, Udupi 413734",1694670,Standard
EWgew5424u,Pratyush Bhatti,1992-12-14,"H.No. 719, Seshadri Nagar, Raebareli 769313",600850,Standard
pJmmz1645s,Ikshita Naidu,1955-07-30,"321, Chaudhry Nagar, Naihati-675914",1247469,Standard
KWWCE9995c,Girish Srinivasan,1955-02-25,"25/83, Barman Street, Shimoga 545636",1179199,Standard
RZoBG7988B,Oni Mital,2000-07-21,"81/06, Deo Ganj, Sultan Pur Majra 920604",1001643,Standard
NNiWe2942f,Amaira Sekhon,1972-11-24,"H.No. 697, Gara Circle, Ramgarh-872112",1055239,Standard
ULNGm0382L,Henry Pillay,1955-03-15,"H.No. 76, Saran Zila, Munger 304005",1614217,Standard
fZSXm4680h,Siddharth Khosla,1983-05-09,"43, Chaudry Street, Jamshedpur 495992",709127,Standard
VgMyN9179Z,Ekalinga Keer,1980-10-31,"65, Dave, Arrah 836090",753004,Standard
gWfvQ1680n,Andrew Rajan,1974-11-23,"H.No. 34, Tailor, Cuttack-096015",1526244,Standard
wolYX3530w,Orinder Morar,1993-03-04,"70/46, Narayanan Road, Raurkela Industrial Township 693240",1659305,Standard
fOKnx5741m,Aarav Keer,1989-12-09,"77, Parsa Nagar, Srinagar 868043",958474,Standard
acYGR9429Q,Eta Zacharia,1998-03-13,"39/80, Sridhar Ganj, Kakinada 731205",1665590,Standard
PStHw8869n,Tanmayi Krishnan,1990-06-12,"409, Dalal Path, Kanpur-018136",1317243,Standard
crGwt1700U,Krishna Handa,2000-04-22,"H.No. 945, Nadkarni Street, Kulti 255614",1593308,Standard
ICded4129N,Kai Dara,1977-09-15,"H.No. 761, Char Zila, Kottayam-240965",1230768,Standard
hyYAT2612K,Zaitra Chakrabarti,1998-05-19,"H.No. 123, Bajaj Ganj, Gurgaon 965567",797280,Standard
UPZmy3238G,Hardik Memon,1971-06-01,"22, Bajaj Circle, Bilaspur 538905",1368297,Standard
WUrkH9509P,Rajata Kashyap,1982-01-21,"72, Bal Zila, Udaipur-410591",964386,Standard
VVfxv5798v,Devika Parikh,1980-01-26,"H.No. 35, Devi Street, Karawal Nagar-284248",1276761,Standard
dQkbj7298N,Tara Gera,1981-02-25,"34/204, Swaminathan Path, Sambalpur 456253",1312462,Standard
reoba0302h,Shivansh Bhatti,1974-03-12,"H.No. 21, Kothari Road, Morena-559227",948206,Standard
dVtKD7026z,Zarna Sengupta,1967-07-15,"96/411, Pall Ganj, Sultan Pur Majra 499672",1636860,Standard
KAGbc7633C,Hitesh Mandal,1988-12-27,"52/201, Dhawan Zila, Bangalore 225933",542697,Standard
Ztonh2381A,Raagini Ravi,1997-04-25,"46/970, Contractor Chowk, Mahbubnagar-111578",1870544,Standard
dmFhu7239P,Zaitra Rattan,1955-09-27,"H.No. 23, Gokhale Marg, Sonipat-693714",869316,Standard
bHQbw7875P,Dominic Bir,1988-11-22,"H.No. 00, Sura Street, Danapur 244379",1028378,Standard
dstIW3666z,Jackson Dar,1991-09-04,"H.No. 827, Kannan Chowk, Amroha 496784",1302707,Standard
SpPOO5273g,Eesha Sagar,1988-09-28,"H.No. 354, Oza Path, Kavali 079077",1468314,Standard
nbbeF0455m,Adweta Chawla,1965-04-28,"H.No. 92, Goswami Zila, Eluru-240555",1415735,Standard
EsOIw2517B,Nachiket Raval,1975-12-27,"742, Deshmukh Circle, Nagpur-204106",1998768,Standard
Dkyvk4960T,Hredhaan Mallick,1989-12-21,"H.No. 967, Sarna Ganj, Dindigul-093219",1041490,Standard
YldxU5693a,Idika Barman,1982-01-14,"58/844, Date Path, Sikar-941100",991854,Standard
yFzVc2089t,Nisha Dhawan,1971-09-11,"H.No. 17, Dash Path, Bhalswa Jahangir Pur-960586",665625,Standard
RYnrl5314l,Warhi Batra,1974-07-17,"07/722, Shukla Street, Tadipatri-893674",932850,Standard
fFXzS2860P,Shravya Kala,1989-03-25,"H.No. 130, Gera Path, Dhule 522377",561884,Standard
YHZbz5044P,Rachit Lalla,1973-12-27,"04, Gara Zila, Vasai-Virar-554279",651414,Standard
Ediht3399Q,Faras Rajan,1996-09-18,"61, Dixit Nagar, Ambarnath 419043",1312498,Standard
NQADc7702v,Samesh Nagy,1983-03-02,"24, Loyal Marg, Sikar-485119",1470873,Standard
WzUpl9065l,Vedhika Bobal,1962-11-16,"51/25, Garg, Mangalore 694222",633003,Standard
IqeJC9253v,Madhavi Chadha,1988-05-14,"72/245, Venkatesh Circle, Junagadh-079833",1835446,Standard
UZmEG4083n,Isaiah Pandey,1998-03-16,"86, Vasa Marg, Hosur-795653",1682059,Standard
ZjFxa0002N,Nilima Babu,1974-02-21,"28/03, Sethi Ganj, Bilaspur-137472",1180562,Standard
lOjRA7939U,Falak Lad,1965-10-06,"29/336, Vaidya, Ajmer-072819",1633785,Standard
OQAeQ5981G,Yashawini Balasubramanian,1995-11-04,"H.No. 933, Goel Marg, Siliguri 452275",1658167,Standard
FoZiS9426T,Praneel Goyal,1965-01-28,"H.No. 32, Bedi Path, Katni 297451",1107723,Standard
BaIzl1651X,Ekta Cherian,1970-04-26,"05, Naik Chowk, Ramgarh-647118",1892724,Standard
DjmVK1320h,Adya Ratta,1977-06-15,"36, Trivedi, Rajkot 765599",1672516,Standard
ALCzd9196V,Lakshit Hora,1980-10-06,"95/14, Seshadri Ganj, Agartala 424916",1496154,Standard
FDEWr2631T,Manbir Golla,1964-11-25,"42/197, Varghese Ganj, Gangtok 347317",1607449,Standard
LxIpU5102J,Alexander Toor,1969-01-10,"10, Murthy Road, North Dumdum-356343",1763879,Standard
ROeyo1719Z,Ijaya Lal,1985-05-23,"H.No. 33, Ganesan Circle, Barasat 768922",1005382,Standard
KPLUq0682v,Oscar Vala,1975-09-09,"H.No. 869, Varkey Zila, Purnia 549931",1616556,Standard
vgmnH4536B,Udant Sachdeva,1986-09-25,"H.No. 616, Nagar Nagar, New Delhi 707367",680843,Standard
EaAMW1274x,Faras Ghosh,1962-05-17,"H.No. 697, Sandhu Street, Ajmer-418629",934397,Standard
PyCJO3191C,Lekha Kuruvilla,1988-06-18,"H.No. 925, Koshy Path, Bidhannagar 504616",1866164,Standard
UrdoM1438D,Kritika Sood,1977-11-28,"69, Menon Nagar, Rampur 509563",1981363,Standard
vPukG6038W,Ranveer D’Alia,1969-04-28,"83, Jain Road, Jorhat-991977",1792553,Standard
GzTZQ6385K,Lucky Natt,1999-01-24,"63, Ravel Marg, Ambala 117165",637472,Standard
wmMrx3595Z,Pavani Verma,1996-11-24,"48/63, Shenoy Nagar, Saharsa 541793",1589944,Standard
